要約,寄せられた御意見の概要
１ 福島の復興のため、復興再生利用等を推進すべき。,・ 福島県外での除染土の処分や再利用に賛成です。危険はありません。福島県の復興に是非邁進してください。
１ 福島の復興のため、復興再生利用等を推進すべき。,・ 大賛成！被災地の復興のために早急に実現して欲しい。科学的な判断に基づいて実行してください。行政は風評と感情論に屈しないで妥協しないで欲しい。何を説明しても感情論では解決できない。科学で解決して欲しい。
１ 福島の復興のため、復興再生利用等を推進すべき。,・ 今回の省令改正は、福島の復興を推し進めるための除去土壌の再生利用を全国で円滑に進めるために必要な改正と理解します。再生利用の必要性が国民に理解され、事業が円滑に進むことを期待します。
１ 福島の復興のため、復興再生利用等を推進すべき。,・ 今回の省令改正により、除去土壌の埋立処分を終了する場合の措置 、復興再生利用に用いる除去土壌の放射能濃度、復興再生利用に係る工事の施工及び維持管理に関する基本的な事項等が明確になり、福島の復興が促進されることとなると考えられる。除去土壌の処分については、全国的な取り組みが不可欠であり、国が積極的に主導して進めていただきたい。
１ 福島の復興のため、復興再生利用等を推進すべき。,・ 私は、福島の除去土壌を福島県外に移設することについては、止むを得ないと考えています。作業の安全性やコストなどの点からは福島県内で完結させた方が好ましいのかもしれませんが、（沖縄の基地問題同様に）特定の地域に負担を押し付ける構造となり、国内の分断を招くと思います。福島の原発事故以前に有権者であった私を含め、多くの国民は原発を容認してしまった過去があり、原発事故については一定の責任があると考えています。除去土壌を、福島以外の様々な地域にて処理することは、国全体の責任として受け入れる必要があると思っています。
１ 福島の復興のため、復興再生利用等を推進すべき。,・ 中間貯蔵施設の除去土壌について「福島県外での最終処分や再生利用」などについて賛成です。福島に作られた中間貯蔵施設は決して「最終処分場」にはならないということが法律にも明記されています。「除染土壌」を「放射能汚染土」などと言ってミスリードし、福島県の復興を阻害する人たちに負けず、予定通りに粛々と進めていただきたく思います。
１ 福島の復興のため、復興再生利用等を推進すべき。,・ 安全な処理土なのでわが町でも積極的に受け入れたいです。高校の科学部などに対して放射線測定の経験を積む機会として利用することも呼びかけてください。放射線は有無の問題ではなく量の問題であることが広く常識となることを期待します。
２ 反対。（理由の記載なし）,・ 反対
２ 反対。（理由の記載なし）,・ だめ
２ 反対。（理由の記載なし）,・ 辞めて。反対です。
２ 反対。（理由の記載なし）,・ 断固反対です。
２ 反対。（理由の記載なし）,・ この法案には反対です。
２ 反対。（理由の記載なし）,・ 改正反対
２ 反対。（理由の記載なし）,・ いい加減にしろよ
２ 反対。（理由の記載なし）,・ 汚染土再利用計画を撤回してほしい。
２ 反対。（理由の記載なし）,・ 放射能汚染土の再利用はやめてください！
２ 反対。（理由の記載なし）,・ 汚染土県外使用禁止
２ 反対。（理由の記載なし）,・ 平成 23 年 3 月 11 日に発生した東北地方太平洋沖地震に伴う原子力発電所の事故により放出された放射能物質による環境汚染への対処に関する特別措置法施行規則の一部を改正する政令案等に反対です。
２ 反対。（理由の記載なし）,・ 反対反対
２ 反対。（理由の記載なし）,・ 反対反対反対反対反対反対反対
２ 反対。（理由の記載なし）,・ 反対絶対反対絶対的
２ 反対。（理由の記載なし）,・ 反対絶対反対絶対反対絶対反対絶対
２ 反対。（理由の記載なし）,・ 反対絶対反対絶対反対絶対反対絶対反対絶対反対絶対
２ 反対。（理由の記載なし）,・ 反対反対反対反対反対反対反対反対反対反対反対反対反対反対反対反対反対反対反対反対反対反対反対反対反対反対反対反対反対反対反対反対反対反対反対反対反対反対
２ 反対。（理由の記載なし）,・ デブリですね取り出しまだですか？それまでは、土は動かすな！
２ 反対。（理由の記載なし）,・ 除染されていない汚染土壌の再利用は愚策。原発事故はまだ続いている。
２ 反対。（理由の記載なし）,・ #放射性汚染土全国配送バラマキ反対
３ 住民との熟議や放射線審議会の答申等を経ず、拙速に省令案のパブリックコメントの手続きを進めるべきでない。,・ 住民との熟議も経ずに拙速にパブリックコメントの手続きを進めることは許されない。
３ 住民との熟議や放射線審議会の答申等を経ず、拙速に省令案のパブリックコメントの手続きを進めるべきでない。,・ 放射線審議会の答申や検討会の結論の前にパブリックコメントを進めるのはおかしい。
３ 住民との熟議や放射線審議会の答申等を経ず、拙速に省令案のパブリックコメントの手続きを進めるべきでない。,・ 放射性物質汚染対処特措法は附則で 3 年後に抜本的な見直しを政府に求めているが、それがなされていない状態での省令改正に反対。
３ 住民との熟議や放射線審議会の答申等を経ず、拙速に省令案のパブリックコメントの手続きを進めるべきでない。,・ IAEA は信用できないため、その報告は基準のお墨付きにはならない。
４ 復興再生利用の安全性等について説明が不十分であり、まずは分かりやすい情報発信・説明を行うべき。,・ 本当に安全かどうか分かりづらいので、まずはこの情報をメディアやホームページで取り上げ、分かりやすく国民に周知してください。
４ 復興再生利用の安全性等について説明が不十分であり、まずは分かりやすい情報発信・説明を行うべき。,・ 放射能で被爆させる危険性がないのなら、きちんと納得のゆく説明をして。こそこそと、パブリックコメントなんかで、決めてしまうような簡単な話ではないはず。命を危険にさらすのだから。
４ 復興再生利用の安全性等について説明が不十分であり、まずは分かりやすい情報発信・説明を行うべき。,・ 環境省が 2022 年に埼玉県の環境調査研修所で実証実験をしようとしたときに開いた説明会では住民から懸念の声が上がり、放射性物質に対する不安や風評被害を懸念する意見が多数を占めたが、それに応える説明を聞いたことがない。まずは以前の説明会で住民から不安や風評被害の意見が出たことについて、全国各地で説明会を開き納得いくような説明をすることが必要。
４ 復興再生利用の安全性等について説明が不十分であり、まずは分かりやすい情報発信・説明を行うべき。,・ IAEA 専門家会合最終報告書要旨において「環境省は、さまざまな選択肢の結果とトレードオフについて、一般市民と主要な利害関係者に明確に説明する必要があると助言した」とされているが、それを明確に説明していない段階での省令改正に反対。
５ 省令案のパブリックコメントについて、公聴会の開催等を通じて、一般市民から意見を聴く機会を作るべき。,・ 環境省は省令案改正について形式的なパブリックコメントのみですませようとしているが、一般市民からの意見をきく態度がみられず、問題である。
５ 省令案のパブリックコメントについて、公聴会の開催等を通じて、一般市民から意見を聴く機会を作るべき。,・ 政府の皆様にはパブリックコメントを軽視しないでいただきたい。
５ 省令案のパブリックコメントについて、公聴会の開催等を通じて、一般市民から意見を聴く機会を作るべき。,・ 環境省は省令案改正について、誰もが参加できる公開の場の公聴会や説明会を開催して内容を説明し、意見を聴取すべきである。
５ 省令案のパブリックコメントについて、公聴会の開催等を通じて、一般市民から意見を聴く機会を作るべき。,・ IAEA の提言にあるように利害関係者（住民）と公開で協議すること。形式的なパブリックコメントでは、一般市民の声は届かない。
５ 省令案のパブリックコメントについて、公聴会の開催等を通じて、一般市民から意見を聴く機会を作るべき。,・ 今回の提案について汚染土を持ちこまれる全国各地の住民と作業者から意見を聞く場を作るべき。
５ 省令案のパブリックコメントについて、公聴会の開催等を通じて、一般市民から意見を聴く機会を作るべき。,・ 除染土の再利用が検討されていることを、私の周りでは誰 1 人として知りません。国民の理解醸成に力を入れてこられたかと思いますが、実際は全然届いていないと思います。例えばマイナンバーカードのごとく、多くの人がそのことを知るくらいにまで、積極的に国民に周知すべきことだと思いますし、国民的議論が全く進んでいないまま、この件を推し進めるのはやめていただきたいです。
６ 環境省令の改正ではなく、法律改正で対応し、国会の議論の対象にすべき。「処分」に「復興再生利用」は含まれない。,・ このような国民全体の健康被害を引き起こすリスクのある省令改正案がまかり通るのか？国会できちんと議論せよ！
６ 環境省令の改正ではなく、法律改正で対応し、国会の議論の対象にすべき。「処分」に「復興再生利用」は含まれない。,・ 国土に大きな影響を与える政策を、国会の議論も経ない省令で実現しようとする姿勢が非常に姑息。
６ 環境省令の改正ではなく、法律改正で対応し、国会の議論の対象にすべき。「処分」に「復興再生利用」は含まれない。,・ いい加減な放射線量の基準の緩和を前提にしたこの省令改正案を閣議決定で承認するのは民意に反する。
６ 環境省令の改正ではなく、法律改正で対応し、国会の議論の対象にすべき。「処分」に「復興再生利用」は含まれない。,・ 法律でないので罰則が無い状況下で運用する事は危険極まりない。
６ 環境省令の改正ではなく、法律改正で対応し、国会の議論の対象にすべき。「処分」に「復興再生利用」は含まれない。,・ 「放射性物質汚染対処特措法」には「除染土の再生利用」の規定はなく、多くの専門家も「処分」の意味に「再生利用」は含まれないと指摘している。国会審議もせずに、放射能汚染土の「再生利用」ありきの強引な解釈でこの問題を進めるのはおかしい。
６ 環境省令の改正ではなく、法律改正で対応し、国会の議論の対象にすべき。「処分」に「復興再生利用」は含まれない。,・ 省令改正ではなく法改正を国会に提出すべきである。【理由１】これは「法第 41 条第１項の環境省令で定める除去土壌の処分のうち復興再生利用」についての省令だというが、他の環境法令では、「処分」と「再生利用」は区別されているからである。まして「復興再生利用」には、これまでの「再生利用」とは違う目的が含まれている。【理由２】この省令案の中で「復興再生利用（ ）の基準は次のとおりとする」として、括弧の中で「復興再生利用」を、「事故による災害からの復興に資することを目的として、再生資材化（除去土壌について、用途に応じた必要な処理をすることにより、盛土、埋立て又は充填の用に供する資材として利用することができる状態にする行為をいう。）した除去土壌を適切な管理の下で利用すること（維持管理することを含む。）をいう。以下同じ。）」と定義しているが、これは特措法第 41 条に書かれた「処分」からは読み取れないからである。
６ 環境省令の改正ではなく、法律改正で対応し、国会の議論の対象にすべき。「処分」に「復興再生利用」は含まれない。,・ 環境省所管の廃棄物の処理及び清掃に関する法律第 1 条には「分別、保管、収集、運搬、再生、処分」と明確に再生と処分を分けているが、放射性物質汚染対処特措法第 41 条では「収集、運搬、保管又は処分」と記されており「再生利用」が記されていない。「再生利用」するのであれば、特別措置法第 41 条１項および 2 項に「再生利用」を加えた法改正を立法機関である国会に提出し審議すべき。再生利用が含まれるような一方的な解釈は言語道断。
６ 環境省令の改正ではなく、法律改正で対応し、国会の議論の対象にすべき。「処分」に「復興再生利用」は含まれない。,・ 循環型社会形成推進基本法という、循環社会の形成を目的とし、再使用あるいは再生利用を推進する法においても、再生利用の促進に関し、処分ではなく、適正「処理」の一方法として定めている（同法第2 条の三）。また、同法では他の条文でも、「利用又は処分」としている。
６ 環境省令の改正ではなく、法律改正で対応し、国会の議論の対象にすべき。「処分」に「復興再生利用」は含まれない。,・ 環境省資料では 8000 ベクレル毎キログラムは「安全に処理できる基準」と説明していたはず。今回は「（復興）再生利用」する基準と変化している。処理とは除染のための作業や、移動、保管、処分となっていて、再生利用、再利用の言葉はない。
７ まずは減容等の技術開発を進めるべき。,・ 除染ができる技術開発が進むまで保管し、然るべき時に環境汚染しないように処理すべき。
７ まずは減容等の技術開発を進めるべき。,・ いかに放射性物質の危険性を最小限にするか、政府主導で研究・分析を進めるべき。
８ 実証事業が不十分であり、まだ安全性が科学的に示されていないという意味で時期尚早。,・ 汚染土の⾧期的な影響に関する十分な科学的研究がまだ行われていない中で、このような使用を認めることはリスクが過大。
８ 実証事業が不十分であり、まだ安全性が科学的に示されていないという意味で時期尚早。,・ 被ばく量のシミュレーションもしないで、こんな省令を通そうとする事に驚く。
８ 実証事業が不十分であり、まだ安全性が科学的に示されていないという意味で時期尚早。,・ 再生利用に伴う作業員の被ばく実態に関して、シミュレーションだけでなく実証事業（飯舘村⾧泥地区等）に基づいた具体的な内部・外部被ばくの実数を示して、追加被ばく年間１ミリシーベルトを越えないことを提示すべき。
８ 実証事業が不十分であり、まだ安全性が科学的に示されていないという意味で時期尚早。,・ 除去土壌の再生利用による生態系への影響が十分に評価されていない。
８ 実証事業が不十分であり、まだ安全性が科学的に示されていないという意味で時期尚早。,・ 九州大学の研究によれば福島第一原発に近い土壌ほど水溶性セシウムが多く含まれる結果が示されているところ、環境省が地下水汚染の心配はない根拠として示した３つの実証事業のうちの２つは水溶性セシウムが少ない福島「県外」の土壌を用いた実証事業、残り１つの実証事業も盛土施行期間の途中からしか浸透水の放射能のモニタリングを行っておらず、施工期間の初期に雨水等で水溶性セシウムが流出する可能性を否定できる試験ではない。したがって、福島県内の除去土壌を再生利用した際に、施行工事の初期にセシウムが流出する可能性が払しょくできていないため、この点を改めて検証すべき。
９ 低線量の被ばくでも健康被害を引き起こす。,・ 放射線に閾値はなく、どんなに小さな放射線量でも健康リスクをゼロにする保証はない。
９ 低線量の被ばくでも健康被害を引き起こす。,・ 年間 1mSv でも 70 年続けば 70mSv。ICRP(国際放射線防護委員会)の控えめな推定でも、がん死が 10 万人あたり 350 人増える。これは発がん性化学物質の環境基準の 350 倍。
９ 低線量の被ばくでも健康被害を引き起こす。,"・ 被ばく線量と影響を過小評価している。環境省は今回の「復興再生利用」で 8,000Bq/kg の土壌を再利用しても年間 1ｍSv以下で、問題はないと主張しているが、生活空間に汚染土があれば、常に被ばくし、被ばく量は増加すると考えるのが常識。無用な被ばくを避けることが重要。"
９ 低線量の被ばくでも健康被害を引き起こす。,・ 放射性セシウムは土壌表面に⾧期間留まる傾向があり、深部に浸透しにくいという特性があることから、汚染された土壌は⾧期にわたって高い放射線量を維持し続け、周辺環境に継続的な影響を与えることとなる。
９ 低線量の被ばくでも健康被害を引き起こす。,・ 基準値以下であっても複数の場所で除去土壌が再生利用されれば、結果として広範囲での放射性物質の蓄積を招く可能性がある。
９ 低線量の被ばくでも健康被害を引き起こす。,・ 環境省自身も「1mSv は安全と危険の境目ではありません。」、つまり１mSv 以下は安全ではないことを言っている。
９ 低線量の被ばくでも健康被害を引き起こす。,・ 安全性を確保できないまま実施された場合、日本の環境政策や公衆衛生に対する信頼性が問われ、国際社会からも批判を受ける。
９ 低線量の被ばくでも健康被害を引き起こす。,・ 福島原発事故以降、１ミリシーベルト以下なら安全という理由で、公的除染の地域が決まり、食品に含まれる放射性物質の濃度基準が決まり、ALPS 処理水の海洋放出が決まりました。しかし、その１ミリシーベルトが重ねられた結果高まった放射線リスクはどこまで問題ないのでしょうか。
10 復興再生利用により、特に放射線感受性の高い子供や妊婦への被ばくの危険性がある。,・ 妊婦・乳幼児・子供への影響は甚大。
10 復興再生利用により、特に放射線感受性の高い子供や妊婦への被ばくの危険性がある。,・ 放射性物質による内部被曝は、特に成⾧期の子供たちにとって深刻な健康リスクとなる。子供は大人よりも放射線に対して敏感であり、⾧期にわたる健康被害、例えばがんや遺伝子変異のリスクが増大する。公園や学校周辺での放射性物質の使用は、子供たちの日常生活に直接的な影響を与え、安全な成⾧環境を奪うもの。
10 復興再生利用により、特に放射線感受性の高い子供や妊婦への被ばくの危険性がある。,・ 「実効線量が一年間につき一ミリシーベルト」は子どもには大きい。地面に近い位置で移動することの多い子どもへの対策が必要。また成人でもどのように管理するのか明示する必要がある。
10 復興再生利用により、特に放射線感受性の高い子供や妊婦への被ばくの危険性がある。,"・ 人は放射能を出している多種の物から絶えず被爆をするので（レントゲンや飛行機、食べ物などからも）それを加味しないと被ばく過多になり、体が被ばくして多大な害を受ける。赤ちゃんやお年寄りや、病気の方は健康な人より放射能からの害を受けやすい。8,000 Bq/kg より低い濃度の土壌でも悪影響を受ける。"
10 復興再生利用により、特に放射線感受性の高い子供や妊婦への被ばくの危険性がある。,・ 子供たちが土壌を触り、吸い込んだり口に入れたりするだけで、⾧期的な健康被害（がん、心臓病など）への扉を開くことになる。
10 復興再生利用により、特に放射線感受性の高い子供や妊婦への被ばくの危険性がある。,・ 福島県の子供に甲状腺がんが多発しているというデータがあり、汚染土が全国に拡大すれば同じことが起こる可能性がある。
11 復興再生利用事業に伴い生じる粉塵により、地域住民や作業員に内部被ばくの危険性がある。また、復興再生利用事業に伴う地下水汚染により、地域住民の健康等に影響を及ぼす。,・ 粉塵による内部被ばくの危険性がある。特に、復興再生利用事業の工事中に放射性物質が空気中に拡散し、近隣住民が放射性物質を吸い込むリスクがある。埋め込み作業をするときの微細な土埃から作業員や近隣住民はどのように保護されるのか不明。
11 復興再生利用事業に伴い生じる粉塵により、地域住民や作業員に内部被ばくの危険性がある。また、復興再生利用事業に伴う地下水汚染により、地域住民の健康等に影響を及ぼす。,・ 粉じんの粒子の大きさによってはセシウムボールとして肺の奥まで達し沈着する可能性もある。また、微小粒子は相当な距離を移動するので住民も被ばくする危険がある。
11 復興再生利用事業に伴い生じる粉塵により、地域住民や作業員に内部被ばくの危険性がある。また、復興再生利用事業に伴う地下水汚染により、地域住民の健康等に影響を及ぼす。,・ 汚染土の再利用はそれを運ぶ作業の運転手や労働者、そしてその周辺に住む住民の人々が粉塵を吸い込み肺の奥の肺胞部に沈着することで内部被ばくを受けることになる。
11 復興再生利用事業に伴い生じる粉塵により、地域住民や作業員に内部被ばくの危険性がある。また、復興再生利用事業に伴う地下水汚染により、地域住民の健康等に影響を及ぼす。,・ 施工した場合、そこを利用する人に対して線量計やホールボディカウンターの健診が必要です。
11 復興再生利用事業に伴い生じる粉塵により、地域住民や作業員に内部被ばくの危険性がある。また、復興再生利用事業に伴う地下水汚染により、地域住民の健康等に影響を及ぼす。,・ 道路の盛土に使用すれば放射性物質が地下水に流入し、将来補修工事をする際には盛土が剥き出しになり、かきまぜられ、放射性物質が大気中に拡散し、呼吸・飲食により住民の体内に入り健康被害が起こる。
11 復興再生利用事業に伴い生じる粉塵により、地域住民や作業員に内部被ばくの危険性がある。また、復興再生利用事業に伴う地下水汚染により、地域住民の健康等に影響を及ぼす。,・ 土壌から放出される放射性物質は、地表水や地下水を汚染し、河川や湖沼、海洋環境に影響を及ぼす。これにより、水生生物が被害を受ける可能性がある。また、土壌汚染は植物の成⾧にも影響を与え、食物連鎖の初段階から問題を引き起こす。
11 復興再生利用事業に伴い生じる粉塵により、地域住民や作業員に内部被ばくの危険性がある。また、復興再生利用事業に伴う地下水汚染により、地域住民の健康等に影響を及ぼす。,・ 野生動物やペットも同様に内部被曝リスクが存在する。放射性物質は食物連鎖を通じて蓄積され、生態系全体に影響を与える。
12 災害、雨風や輸送中の事故等による土壌の流出リスクがある。流出した場合、その回収は不可能なため、健康へ影響を及ぼす危険性がある。,・ 集中豪雨・洪水・土砂崩れ等で大量の汚染土が流出する可能性が考えられる。流出した汚染土は乾燥により再浮遊、拡散の可能性があり被害拡大もあり得る。
12 災害、雨風や輸送中の事故等による土壌の流出リスクがある。流出した場合、その回収は不可能なため、健康へ影響を及ぼす危険性がある。,・ 先の道路陥没事故では、下水管の傷がもとで大変大きな事故になり、地下の土砂の流出が問題になった。日本は伏流水も多く、地下の様子は簡単には把握できない。災害が起こらなくても、補修工事や耐用年数後の撤去、付け替えなどで、土の流出や拡散は普通に生じる。
12 災害、雨風や輸送中の事故等による土壌の流出リスクがある。流出した場合、その回収は不可能なため、健康へ影響を及ぼす危険性がある。,・ 除去土壌が飛散・流出しないように覆土等を行うとしているが、放射性セシウムの場合 100Bq/kg まで減衰するのに 190年もかかる。200 年近くの間には、補修工事や付け替工事あるいは地震・洪水・津波等で土砂の流出や拡散が予想される。
12 災害、雨風や輸送中の事故等による土壌の流出リスクがある。流出した場合、その回収は不可能なため、健康へ影響を及ぼす危険性がある。,・ 輸送中の事故による汚染土流出のおそれがある。
12 災害、雨風や輸送中の事故等による土壌の流出リスクがある。流出した場合、その回収は不可能なため、健康へ影響を及ぼす危険性がある。,・ 災害によって土壌が流出してしまったときの対応について一切記載がない。地表面を隈なく測定し、細かく土壌サンプリングも行うレベルで回収しきれてない場所のチェックしなければ災害で流された再生利用土の回収はできない。
12 災害、雨風や輸送中の事故等による土壌の流出リスクがある。流出した場合、その回収は不可能なため、健康へ影響を及ぼす危険性がある。,・ 住宅地も人里離れた奥地でも、地震や洪水によって道路や堤防は、人間の責任体制とは無関係に崩壊する。第 58 条の４ロ「責任体制が明確」も「継続的かつ安定的」も机上の空論であるから撤回すべきだ。
12 災害、雨風や輸送中の事故等による土壌の流出リスクがある。流出した場合、その回収は不可能なため、健康へ影響を及ぼす危険性がある。,・ 除去土壌を復興再生利用した場所が自然災害に見舞われた場合、余計な手間と懸念を災害時に増やすだけである。省令案ではそのことが考慮されていないので撤回すべきである。
12 災害、雨風や輸送中の事故等による土壌の流出リスクがある。流出した場合、その回収は不可能なため、健康へ影響を及ぼす危険性がある。,・ 台風などによる浸水や地震による液状化、津波による浸水などで、放射能汚染した土が地上にでてきたとき、速やかに放射能を測定し、汚染した土（泥）を管理することが地方自治体にできるでしょうか。そもそもなぜそのようなリスクのある土を受け入れないといけないのでしょうか。
12 災害、雨風や輸送中の事故等による土壌の流出リスクがある。流出した場合、その回収は不可能なため、健康へ影響を及ぼす危険性がある。,・ 埋め立てられた再生土壌は、⾧期的には再度掘り起こされ再利用される可能性のある土壌である。トレーサビリティの不能な土壌となる。再生利用される土壌の⾧期的管理が不可能であり、即刻省令案は取り下げるべきである。8000 ベクレル/kg 以下だとしても、90 年で１／８であり、まだ被ばくの危険性の高い土壌である。最終処分でなく、再生利用ということは、再度再生利用される可能性のある土壌であり、この土壌が全国で使用されているということは、全国の市町村で汚染土壌の⾧期的トレーサビリーコントロールシステムを維持しなければならない。天変地異も含めて、異常気象で豪雨災害が頻発する日本全土でコントロールするとこは不可能であり、かつ実効したとしても膨大な税金がかかることになる。放射性物質管理の原点にもとづき、除去土壌は集中管理すべきである。
13 除去土壌は全国にばら撒かず、発生地で集中管理すべき。,・ 除去土壌の発生場所での保管の重要性除去土壌は「内部被ばくの防護における 2C の原則：閉じこめ（Containment）、集結（Concentration）」に基づき、発生場所で保管すべきです。全国に拡散することで、除去土壌の管理（⾧期的モニタリングの実施等）が分散化し、漏洩や拡散のリスクが更に高まります。発生地での集中管理を徹底すべきです。
13 除去土壌は全国にばら撒かず、発生地で集中管理すべき。,・ 三原則（１取り除く（撤去）、２さえぎる（遮へい）、３遠ざける）に反している
13 除去土壌は全国にばら撒かず、発生地で集中管理すべき。,・ 除染土の運搬リスク全国展開を前提とした除去土壌の運搬・施工では、輸送・施工中の事故や放射性物質が飛散・漏洩するリスクが増大します。これにより、作業員や周辺住民への内部被ばくリスクが増加します。輸送を伴わない発生地保管は、物流・施工に伴うリスクを完全に排除できます。
13 除去土壌は全国にばら撒かず、発生地で集中管理すべき。,・ 処分区域の選定基準の曖昧さと環境影響評価の不十分さ改正案では、処分区域の選定基準が不明確です。また、除去土壌の再利用による生態系への影響が十分に評価されていません。除去土壌の発生場所での保管は、地質や水源地などへの新たな環境影響リスクを完全に排除できます。
13 除去土壌は全国にばら撒かず、発生地で集中管理すべき。,・ 放射能汚染土の管理で海外の例を見ると、チェルノブイリやスリーマイルでは一ヵ所にまとめて管理している。全国に分散している例はない。日本も海外を基準として厳重管理すべき。
13 除去土壌は全国にばら撒かず、発生地で集中管理すべき。,・ 放射能汚染土を全国にばら撒くな。
13 除去土壌は全国にばら撒かず、発生地で集中管理すべき。,・ 汚染の少ない地域に汚染土を持ってくること自体が放射能汚染の追加である。全国にホットスポットができる。
13 除去土壌は全国にばら撒かず、発生地で集中管理すべき。,・ 今回の案はとりもなおさず放射能残土を全国にばら撒く事であり原則である年１mSvの原則が破られてしまうことになる。これは全国民への被曝の強制であり、被曝しない権利という基本的人権の違反となる。
13 除去土壌は全国にばら撒かず、発生地で集中管理すべき。,・1 キログラムあたり 8000 ベクレル以下という基準を設定したが、この条件では他の土壌で薄めればどんなに高濃度の土壌でも再生利用可能となり、制限のない放射性物質の拡散と同じことになる。これは放射性物質の集中管理の原則と相反するものである。
13 除去土壌は全国にばら撒かず、発生地で集中管理すべき。,・ 土壌が人間にとって貴重な資源であるのは，それが表層にあり，生き物を育むために使われることに於いてです。除染された土壌の多くは火山灰土であり，表層土壌には１０から２５パーセントの有機物が含まれ，土木工事で下層に使われるには全く適していないことは明らかです。ましてや表層で使われることは流失の危険が大きく，全く受け入れられません。それが分かっているのに，原子炉等規制法で定められた数値を無視してまで計画を進めるのでしょうか？危険ではないと言えば危険が消えるわけではありません。危険をばら撒き，それを弱者に押し付けるのではなく，国が責任を持ち汚染土の集中管理をしていって下さい。
13 除去土壌は全国にばら撒かず、発生地で集中管理すべき。,・ 汚染土の再利用による拡散は、地域間での不公平感を生み出す可能性があります。一部の地域が「汚染を受け入れさせられる」感覚を抱くことは、社会的対立を引き起こすかもしれません。
14 放射性廃棄物の最終処分と同様以上の管理方法を復興再生利用にも適用すべき。,"・ 除去土壌は、「低レベル放射性廃棄物」として最終処分すべきである。【理由】環境省は、2024 年 1 月 12 日「除去土壌等の最終処分に関する安全確保について」p.２で、8,000Bq/kg は「分類上は低レベル放射性廃棄物に該当する」と整理しているからである。"
14 放射性廃棄物の最終処分と同様以上の管理方法を復興再生利用にも適用すべき。,・ トレンチ処分、ピット処分等最終処分と同様の管理をすべき。
14 放射性廃棄物の最終処分と同様以上の管理方法を復興再生利用にも適用すべき。,・ 低レベル放射性廃棄物として最終処分すべき。
14 放射性廃棄物の最終処分と同様以上の管理方法を復興再生利用にも適用すべき。,・ 密閉型容器の使用をすべき。
14 放射性廃棄物の最終処分と同様以上の管理方法を復興再生利用にも適用すべき。,・ 地下５０ｍ位穴掘って地下水が流れ込まないようにコンクリで周りを固め、そこに汚染土壌を放り込んでフタして立入禁止区域とし留め置くしかない。
15 除去土壌を１箇所に集めたのに、もう一度全国にばら撒くのは無駄であり、矛盾している。これに税金を使うべきでない。,・ 危険だから汚染土を除染したのに、危険な土を再利用するのは矛盾。
15 除去土壌を１箇所に集めたのに、もう一度全国にばら撒くのは無駄であり、矛盾している。これに税金を使うべきでない。,・ 汚染土が安全に再利用できるのだったら、そもそも除染が必要なかったことになる。全くおかしい事業であり、中止すべき。
15 除去土壌を１箇所に集めたのに、もう一度全国にばら撒くのは無駄であり、矛盾している。これに税金を使うべきでない。,・ すでに中間貯蔵施設に膨大な予算と時間、人力を費やして埋設された汚染土を掘り返すことの愚かさ。
15 除去土壌を１箇所に集めたのに、もう一度全国にばら撒くのは無駄であり、矛盾している。これに税金を使うべきでない。,・ 輸送コストが無駄。
15 除去土壌を１箇所に集めたのに、もう一度全国にばら撒くのは無駄であり、矛盾している。これに税金を使うべきでない。,・ 安全に再生利用ができるならば、輸送コストのかからない福島県内で行うべきであり、県外ですべきでない。
15 除去土壌を１箇所に集めたのに、もう一度全国にばら撒くのは無駄であり、矛盾している。これに税金を使うべきでない。,・ 全国にばら撒かずに発生地で集中管理し、浮いたお金を福島の復興再生に使うべき。
15 除去土壌を１箇所に集めたのに、もう一度全国にばら撒くのは無駄であり、矛盾している。これに税金を使うべきでない。,・ ゼネコンや原子力ムラにお金を還流させて天下りするためか。
15 除去土壌を１箇所に集めたのに、もう一度全国にばら撒くのは無駄であり、矛盾している。これに税金を使うべきでない。,・ 放射能汚染土の公共事業での再利用は産廃利権そのもの
16 復興再生利用先で風評被害が起こる可能性があり、その被害を農業、漁業や観光業が被ることとなる。,・ 農業や漁業に影響を与え、土地価格の下落や観光業への打撃を招く可能性がある。
16 復興再生利用先で風評被害が起こる可能性があり、その被害を農業、漁業や観光業が被ることとなる。,・ 農産物について日本産は海外で人気で第一次産業が復活できる兆しがあるのに、汚染されると輸入禁止、壊滅的被害を受ける。
16 復興再生利用先で風評被害が起こる可能性があり、その被害を農業、漁業や観光業が被ることとなる。,・ 農地に用いるという報道もありますが、これには賛成できません。福島の漁業同様に、風評被害が広がり、食品の輸出も困難になります。
16 復興再生利用先で風評被害が起こる可能性があり、その被害を農業、漁業や観光業が被ることとなる。,・ 欧米では放射性物質に関して非常に敏感であり、除去土壌を日本全国どこに利用されるかわからないように再利用することは、国が推進しているインバウンド事業にも大きなダメージを引き起こすものである。
16 復興再生利用先で風評被害が起こる可能性があり、その被害を農業、漁業や観光業が被ることとなる。,・ これによるインバウンド観光などへの経済効果のマイナスはすべて国の責任となる。
17 復興再生利用先の住民に心理的なストレスを与える。地域社会の分断につながることとなる。,・ 汚染土壌の使用は、地域住民や訪問者に心理的な不安やストレスを引き起こすことがある。これは、生活の質の低下や地域のイメージ悪化につながる。
17 復興再生利用先の住民に心理的なストレスを与える。地域社会の分断につながることとなる。,"・ 8,000Bq/kg の大半がセシウム 137 だろうから、本来の基準、"
17 復興再生利用先の住民に心理的なストレスを与える。地域社会の分断につながることとなる。,・ 放射能汚染土の再利用は、科学的な観点からも環境的・社会的な影響を考えても、安全とは言えない。むしろ、放射性物質の拡散リスクを高める危険な政策。
17 復興再生利用先の住民に心理的なストレスを与える。地域社会の分断につながることとなる。,・ 除去土壌の受入れを巡る地域社会の分断が起こる可能性がある。
18 除去土壌は、事故の原因である東京電力や国が、責任をもってその敷地内等で管理をしていくべき。島第一原発の受益者である東京電力管内で利用すべきで、東京電力と利害関係のない地域での実施はやめるべき。,・ 原発周辺の土地を国有化してそこで保管し続けるべき。
18 除去土壌は、事故の原因である東京電力や国が、責任をもってその敷地内等で管理をしていくべき。島第一原発の受益者である東京電力管内で利用すべきで、東京電力と利害関係のない地域での実施はやめるべき。,・ 除去土壌は東京電力の敷地内に保管すべき。そもそも汚染を発生させたのは東京電力であり、東京電力が責任をもって受け入れるのは当然のこと。ましてや除去土壌を貴重な資源と位置付けるならば東京電力が拒否する理由はないはず。
18 除去土壌は、事故の原因である東京電力や国が、責任をもってその敷地内等で管理をしていくべき。島第一原発の受益者である東京電力管内で利用すべきで、東京電力と利害関係のない地域での実施はやめるべき。,・ 地権者及び地域住民に十分な保障をして、今ある土地で東電が永久管理することを宣言し、これ以上被ばく被害を全国に増やすべきではない。大企業として社会的責任、企業倫理をもって株主、従業員を説得してほしい。国は東電の責任をこの汚染土等についても明確にすべきである。
18 除去土壌は、事故の原因である東京電力や国が、責任をもってその敷地内等で管理をしていくべき。島第一原発の受益者である東京電力管内で利用すべきで、東京電力と利害関係のない地域での実施はやめるべき。,・ 省令案のガイドラインによれば、埋め立て作業に関して除染実施者（環境省）と事業実施者（土木業者）との責任については記載されているが、汚染土を発生させた東電の責任はどこにも書かれていない。放射能汚染を伴うこうした作業が公共事業とされることによって、いつの間にか最大の責任者である東電が第三者のようになってしまうことは理解できない。
18 除去土壌は、事故の原因である東京電力や国が、責任をもってその敷地内等で管理をしていくべき。島第一原発の受益者である東京電力管内で利用すべきで、東京電力と利害関係のない地域での実施はやめるべき。,・ そもそも論だが、除去土壌は、本来は「汚染者負担の原則」に基づき、東京電力が責任を負うべき問題だ。環境省には、原則に立ち返り、現状におもねることなく、政治的な忖度をすることなく、規制官庁として、規制の立場を堅持して、制度の是正に取り組んでいただきたい。再生利用実施者の立場を手放すべきである。
18 除去土壌は、事故の原因である東京電力や国が、責任をもってその敷地内等で管理をしていくべき。島第一原発の受益者である東京電力管内で利用すべきで、東京電力と利害関係のない地域での実施はやめるべき。,・ そもそも放射性物質を扱い、事故によりばらまいたのは事業者であり、国策として進めた国である。その尻拭いをなぜ国民が広く受けなければいけないのか。
18 除去土壌は、事故の原因である東京電力や国が、責任をもってその敷地内等で管理をしていくべき。島第一原発の受益者である東京電力管内で利用すべきで、東京電力と利害関係のない地域での実施はやめるべき。,・ 事故の責任は東電や国にあり、それを「日本全体の復興のため」「負担の分かち合い」といって一般市民に押し付けるべきではない。
18 除去土壌は、事故の原因である東京電力や国が、責任をもってその敷地内等で管理をしていくべき。島第一原発の受益者である東京電力管内で利用すべきで、東京電力と利害関係のない地域での実施はやめるべき。,・ まずは霞が関や永田町、政治家や官僚の自宅で率先して再生利用の案件形成をすべき。
18 除去土壌は、事故の原因である東京電力や国が、責任をもってその敷地内等で管理をしていくべき。島第一原発の受益者である東京電力管内で利用すべきで、東京電力と利害関係のない地域での実施はやめるべき。,・ 除染土を再利用しようとするなら、まず国会周辺、首相官邸、議員宿舎などで「実証試験」を最低５年行い、その安全性を全国民に広く知らしめて後に行いうべきだ。
18 除去土壌は、事故の原因である東京電力や国が、責任をもってその敷地内等で管理をしていくべき。島第一原発の受益者である東京電力管内で利用すべきで、東京電力と利害関係のない地域での実施はやめるべき。,・ 安全と言うなら、あなた方の家に持ち帰り検証してみてください。あなた方に健康被害が出ないと証明してみてください。環境省の中で処理してみてください。できますか？
18 除去土壌は、事故の原因である東京電力や国が、責任をもってその敷地内等で管理をしていくべき。島第一原発の受益者である東京電力管内で利用すべきで、東京電力と利害関係のない地域での実施はやめるべき。,・ 事故を起こした福島第一原発は東京電力管内に送電をする為の施設のため、電力の需要側である都市部に再生利用先を限定すべきであり、東京電力と利害関係のない一般国民の居住地域にまで再生利用を可能にするような建付けにすべきでない。
19 復興再生利用を福島県内で実施することにより、30 年以内に福島県外に最終処分するという約束を反故にしている。,・ 環境省は、今回の汚染土の再利用を、「30 年後、福島県外で最終処分するため、“除去土壌”の量を減らす必要がある」として推進しようとしている。一方で、「復興再生利用」は「処分」に含まれ、実質的な最終処分に近い。この「復興再生利用」は福島県内においても行われる方向であり、福島県との約束が事実上反故にされることになる。
19 復興再生利用を福島県内で実施することにより、30 年以内に福島県外に最終処分するという約束を反故にしている。,・ 福島県内でも再生利用をするそうだが、30 年以内に県外に運び出すという約束違反ではないか。再生利用との名を借りて日本中を放射能で汚染させることになりかねない。
20 30 年以内に福島県外で最終処分することを約束したのがそもそもの問題のはじまり。出発点に戻って、改めて除去土壌の取り扱いを熟議すべき。,・ 「30 年後、福島県外で最終処分するために、“除去土壌”の量を減らす必要がある」というが、当初から実行が可能かどうか危ぶまれていたような「30 年後、福島県外で最終処分する」という約束を福島県と交わしたことが、そもそも問題の始まりなのではありませんか。福島県民を（だけでなく全国の国民をも）騙したり、嘘をついたりするようなやり方はもうやめて、今こそ出発点に戻って、放射能汚染土をどう取り扱うべきか熟議することが求められています。
20 30 年以内に福島県外で最終処分することを約束したのがそもそもの問題のはじまり。出発点に戻って、改めて除去土壌の取り扱いを熟議すべき。,・ もう一度汚染された所に住んでいる方々とお話されては如何ですか？当時と今とでは変わっていると思います。
20 30 年以内に福島県外で最終処分することを約束したのがそもそもの問題のはじまり。出発点に戻って、改めて除去土壌の取り扱いを熟議すべき。,・ こんな利権まみれの案を提示する前に、大熊町、双葉町、福島県浜通り地方にどうしたいか、まずは確かめるべき。
20 30 年以内に福島県外で最終処分することを約束したのがそもそもの問題のはじまり。出発点に戻って、改めて除去土壌の取り扱いを熟議すべき。,・ 当時交付金や雇用も得られ町が潤った、そのお金を受け取った福島第一原発の立地自治体で責任をとってください。いざ事故が起これば、他の地域を巻き込むというのはやめてください。
21 中間貯蔵用地はまだ余裕があるため、復興再生利用による減容は不要。,・ 中間貯蔵用地にはまだ余裕があり、それ以外の利用はできない状況。減容する必要性はない。
21 中間貯蔵用地はまだ余裕があるため、復興再生利用による減容は不要。,・ 中間貯蔵施設には余裕がまだ半分もあると聞いています。
22 土壌が貴重な資源であれば、県外最終処分する必要はなく、福島県に再度保管を求めても良いはず。,・ ガイドライン案には、「大変貴重な資源である除去土壌の有効活用」と記されているが、放射能濃度を低減しても汚染土壌に変わりなく、放射能に汚染された土壌を真に貴重な資源と認識されているのか。全国に汚染土壌を拡散させるための詭弁。貴重な資源と言うならば、「中間貯蔵開始後３０年以内に福島県外で最終処分」する必要はなく、福島県に再度保管を求めても良いはず。仮に福島県が受け入れないのであればその理由を問うべき。
23 福島で原発事故の被害に遭った方の声を聴いたのか。その方も、福島から汚染物質が他地域に持ち込まれることを懸念している。,・ 福島で原発事故の被害に遭った人たちの意見を聞いたのでしょうか。これ以上、福島の汚染を他に広げてほしくないという声があることを、確認したのでしょうか。
23 福島で原発事故の被害に遭った方の声を聴いたのか。その方も、福島から汚染物質が他地域に持ち込まれることを懸念している。,・ 地元の人々は、自身の土地から除去された汚染物質が他地域に持ち込まれることによる二次汚染を恐れています。
24 最終処分量は東京ドーム 11 杯分に収まらず、今後も増える。そのとき、復興再生利用で対応しきれるものではない。,・ 福島県には帰還困難区域内のホットスポットや山といった高線量の除染すべき箇所がまだ存在し、最終処分量は東京ドーム 11 杯分には収まらないだろう。
24 最終処分量は東京ドーム 11 杯分に収まらず、今後も増える。そのとき、復興再生利用で対応しきれるものではない。,・ 放射性物質は除染されていない山や森林から高低差や風雨によって低地や除染した地域にまで移動している。これは今後も続くのであり、復興再生利用で対応しきれるものではない。復興再生利用は復興に繋がる事業にならない。
25 農地や、子供が利用する学校や公園での利用を避けるなど、用途・場所を限定すべき。,・ 利用場所や用途の制限が行われていない。
25 農地や、子供が利用する学校や公園での利用を避けるなど、用途・場所を限定すべき。,・ 公共事業には公共空間での農業・農園作業実習等々は入るのか。農業用土にセシウム等が入ってくることを問題視している。
25 農地や、子供が利用する学校や公園での利用を避けるなど、用途・場所を限定すべき。,・ 飯舘村⾧泥地区の再生利用実証実験地 30 ヘクタールの汚染土壌は永久的な埋立てとなる。再生利用実証地の飯舘村⾧泥地区の 30ヘクタールの農地の下には汚染土壌が 1m 以上の深さで埋立てされている。今回の省令案によれば、復興再生利用の対象地であり「埋立て再生利用処分」された土地となる。元の非汚染農地には永久にならない。実証実験であれば、実験終了後は元に復元することが常識であるが、この省令案が実施されると永久に健全な農地への復元はなくなる。この点に関して、飯舘村民に十分な説明がされているとは思えない。再生利用実証実験地の⾧期的な取り扱いを不問に付す可能性のある本省令案は即刻撤回すべきである。
25 農地や、子供が利用する学校や公園での利用を避けるなど、用途・場所を限定すべき。,・ 除去土壌は、用途を限定すべきで、広くばらまくべきではないと思います。管理が煩雑になりますし、住民の反対運動が各地で起こることになります。大規模施設など、一定の場所に集中させるべきだと思います。国は、再生利用する土壌は放射線量が低く、比較的安全と主張されていますので、一定の場所に集中させても問題はないはずです。
25 農地や、子供が利用する学校や公園での利用を避けるなど、用途・場所を限定すべき。,・ 子どもは大人よりも放射線感受性が高いことを踏まえ、公園などの子どもたちが頻繁に利用する場所で再生利用を行う場合は、安全基準をより厳格に設定することが不可欠。
25 農地や、子供が利用する学校や公園での利用を避けるなど、用途・場所を限定すべき。,・ もし公園などにバラまかれたら、子ども達が被爆してしまいます。
25 農地や、子供が利用する学校や公園での利用を避けるなど、用途・場所を限定すべき。,・ 飛散・流出のリスクが高い場所の例示が行われているが、そうしたリスクが高い場所を回避するのではなく、「十分な検討を行う」と記述されるにとどまっている。また、用途についても、特段の制限が行われていない。
26 再生資材化した除去土壌の放射能濃度の基準について、,・ 復興再生利用をするのであれば、「除去土壌の放射能濃度」は
26 再生資材化した除去土壌の放射能濃度の基準について、,"・ 「除去土壌の放射能濃度」の 8,000Bq/kg 以下は撤回すべきだ。【理由】環境省は「管理」をするから原子炉等規制法に基づくクリアランスレベルとは別物だと主張してきたが、"
26 再生資材化した除去土壌の放射能濃度の基準について、,"・ 放射能基準のダブルスタンダードを認めることはできない。原子炉等規制法では 100Bq/kg 以下を再利用の基準としているにも関わらず、環境大臣が定める告示だけで 8,000Bq/kg 以下の除去土壌なら再利用できるとするのは納得できない。"
26 再生資材化した除去土壌の放射能濃度の基準について、,"・ 8,000 ベクレルという値は本当に安全なのか。"
26 再生資材化した除去土壌の放射能濃度の基準について、,・ 基準を 80 倍緩和する意味がわからない。
26 再生資材化した除去土壌の放射能濃度の基準について、,"・ 基準値緩和によるリスク改正案で提示された除去土壌の放射能濃度基準値（8,000 ベクレル/kg）は、廃棄物処分場向け基準をそのまま適用しており、従来の 100 ベクレル／kg の規制と比較して極めて高く、公共の場で再利用される場合における⾧期的な被ばくリスクを増大させます。特に、放射線の影響を受けやすい子どもや妊婦への特別な保護措置が講じられているとは思えません。従来の 100 ベクレル／kg の規制を堅守すべきです。"
26 再生資材化した除去土壌の放射能濃度の基準について、,"・ 8,000Bq/kg 以下の土壌のうち 100Bq/kg を超えるものは低レベル放射性廃棄物として扱われるべきものである。今回の省令案は、従来の放射線防護の規制を蔑ろにするものであるが、今回省令の方が法的に従来の放射線防護規制よりも上であるとする理由はどこにあるのかも示してもらいたい。"
26 再生資材化した除去土壌の放射能濃度の基準について、,・ ガイドラインや省令改正で済ませて、法律改正を行おうとしないのは、放射性物質として扱わなくてよいクリアランスレベルとのダブルスタンダードとの明確な区別が、法律上、困難、すなわち、クリアランスレベルの８０倍もの汚染土を「適切に管理」することを法律上、担保することができないからではないのか。
26 再生資材化した除去土壌の放射能濃度の基準について、,・ 「復興再生利用」の定義・態様が不明確なため、原子炉等規制法に基づくクリアランス基準（100Bq/kg）対比 80 倍もなぜ急に安全な行為となるのか科学的に不明である。運用する側も、「復興再生利用」として行った行為が、処理でなく「再利用」であると認定されてしまうと、即法令違反とされるリスクがあり、事業者としては怖くて参入できないのではないかと考える。
27 再生資材化した除去土壌の放射能濃度の基準について、,"・ 現在の日本の土壌汚染基準値は 5,000 ベクレル/kg であり、この厳しい基準値は、環境の安全性を確保し、国際市場での信頼を維持するために非常に重要です。一方、日本政府が提案する改変数値は、環境の安全性を脅かし、さらに輸出に悪影響を及ぼす可能性があるため、現行の 5,000 ベクレル/kg の基準値を維持するよう強く要求します。環境の安全性を守り、国際市場での信頼を維持するためには、現行の厳格な基準値が必要です。"
27 再生資材化した除去土壌の放射能濃度の基準について、,"・ 改正案で提示された除去土壌の放射能濃度基準値8,000Bq/kgは高過ぎる。せめて半分以下の 4,000Bq/kg にすべき。"
"28 「年間追加被ばく線量１mSv」に相当する再生資材化した除去土壌の放射能濃度基準が 8,000Bq/kg 以下となる根拠が不明。",・ 被ばく線量年間１mSv に相当する除去土壌の放射能濃度が
"28 「年間追加被ばく線量１mSv」に相当する再生資材化した除去土壌の放射能濃度基準が 8,000Bq/kg 以下となる根拠が不明。","・ 作業時間を 1,000 時間に限定、作業中は 3m×12 m の厚さ 2.2cm の鉄板を敷くという仮定を置かない場合、被ばく線量は年間 13.2 mSv になるはず。足元の盛土作業をするのに、そこに鉄板が敷いてあったらどうやって作業をするのか。"
"28 「年間追加被ばく線量１mSv」に相当する再生資材化した除去土壌の放射能濃度基準が 8,000Bq/kg 以下となる根拠が不明。",・ 土壌を中間貯蔵施設から運んで作業場に敷くまでの作業における、粉塵吸い込みによる内部被ばくの計算もされていない。
"28 「年間追加被ばく線量１mSv」に相当する再生資材化した除去土壌の放射能濃度基準が 8,000Bq/kg 以下となる根拠が不明。","・ 環境省が 2017 年 6 月に出した「復興に向けた廃棄物の処理について ～放射能濃度が 8,000Bq/kg 以下の廃棄物処理を進めるために」によると、埋め立て事業者の方の、年間追加被ばく線量 1mSv 以下とするときの放射能濃度が、8,900Bq/kg で、これは 1 日 8 時間・年間 250 日の労働時間のうち半分の時間（1,000 時間/年）を当該廃棄物のすぐ上で覆土せず作業するという想定でシュミレーションしたと書いてある。生活は 365日 24 時間で、その除去土壌が運ばれたすぐそばに住む日は、一日まったく動かず過ごすお年寄りだったり病人だったりすれば、１日８時間どころか 24 時間、年間 250 日どころか 365日ずっとその土のそばで暮らすわけです。8,000 ベクレル／kgという数字を今回の安全基準として適用させるわけにはいかない。"
"28 「年間追加被ばく線量１mSv」に相当する再生資材化した除去土壌の放射能濃度基準が 8,000Bq/kg 以下となる根拠が不明。","・ 本意見募集において関連資料とされている「復興再生利用に係るガイドライン（案）」の「２．２．１（３）追加被ばく評価について」を見ると、施工中の作業者について年間作業時間を 1,000 時間と短く制限し、さらに遮蔽係数 0.6 を導入した上で年間 0.93mSv と評価している。この条件から外れれば年間"
"28 「年間追加被ばく線量１mSv」に相当する再生資材化した除去土壌の放射能濃度基準が 8,000Bq/kg 以下となる根拠が不明。",・ 省令案と告示における基準設定がおかしい。内部被ばくの基準は毎日２L を 365 日飲み続けて年間１ミリシーベルトを超えない基準にしているのに、外部被ばくを24 時間 365 日その場所にいて年間１ミリシーベルトを超えない基準にしていない。1 キログラムあたり 8000 ベクレルで汚染した土まで「復興再生利用」しようという結論ありきに合うように基準を設定しているのが見え見えである。
29 放射性セシウム以外の放射性物質も規制の対象にすべき。,・ ストロンチウムなどのセシウム以外の放射性核種が考慮されていない。
29 放射性セシウム以外の放射性物質も規制の対象にすべき。,・ 半減期が５万年のストロンチウムなど、減退期の⾧い放射性物質を測定しないことにしていることが恣意的でとても信頼できない。
29 放射性セシウム以外の放射性物質も規制の対象にすべき。,・ セシウム以外の放射性物質についてのデータも無いと安全だと言い切れないのではないか。セシウム以外の放射性物質も計測すべき。
29 放射性セシウム以外の放射性物質も規制の対象にすべき。,・ セシウム以外の放射性核種について濃度が事故前と同等と判断しているが、その基準が「原子力施設等におけるクリアランスレベル」以下であることを根拠としているが、本件は原子力施設外に土壌を使用するため、基準が正しいとは言えないのではないか
29 放射性セシウム以外の放射性物質も規制の対象にすべき。,・ 地下水への浸透についてセシウムしか触れられておらず、セシウム以外の放射性核種の浸透について触れられていない。
29 放射性セシウム以外の放射性物質も規制の対象にすべき。,・ 福島第一原子力発電所の事故により放出された放射性物質を日本中の公園や土地に撒くことは、非常に危険で非現実的な提案です。六価クロムは発がん性物質であり、⾧期的な曝露によって肺がん、鼻腔がん、鼻咽頭がんなどの発症のリスクを高めることが知られています。ヨウ素 131、セシウム 134、セシウム 137、ストロンチウム 90 などの放射性同位体は、⾧期的に人体に深刻な健康影響を及ぼす可能性があります。これらの物質は発がん性があり、特に子供や妊婦に対してリスクが高いです。政策決定者が計画の再検討を促すことをお願いします。
30 再生資材化した除去土壌の管理期限を明記すべき。また、管理終了時の措置（記録保存等）も明記すべき。,・ 「復興再生利用」の管理期間は定まっていない。いつまで管理されるのかは放射線防護上、重要な論点であるとともに、事業実施者にとっては、いつまで責任を負うのかが不明なままとなっている。このような重要な点が先送りにされたまま、省令改正を行うべきではない。
30 再生資材化した除去土壌の管理期限を明記すべき。また、管理終了時の措置（記録保存等）も明記すべき。,・ 「適切な管理」が必要で無くなるクリアランスレベルまで減衰するまでに誰がどう管理し続けるのかの記載がない。
30 再生資材化した除去土壌の管理期限を明記すべき。また、管理終了時の措置（記録保存等）も明記すべき。,・ クリアランスレベルとのダブルスタンダードではないと主張するなら、復興再生利用に用いる除去土壌の放射能濃度が 100Bq/kgに減衰するまでの期間を厳重な管理年限として定めるべきだ。【理由１】堤防、道路などあらゆる公共施設は、自然災害や劣化、メンテナンス工事などにより崩壊もしくは掘り返されることにより、内部から土壌が流出飛散することは避けられないし、回収もできない。拡散して薄まるという詭弁を弄するべきではないからだ。【理由２】省令案（第58 条の四）には、測定や記録等の情報の保管期間を「復興再生利用の終了するまで」としているだけだ。肝心の管理そのものの期間を定めなければ、意味をなさない。【理由３】「クリアランスレベルとは違う」という根拠（管理すること）に、法的拘束力を持たないことになるからだ。
30 再生資材化した除去土壌の管理期限を明記すべき。また、管理終了時の措置（記録保存等）も明記すべき。,・ 事業実施者については、測定や記録等の情報の保管期間が「当該復興再生利用の終了するまでの間」とされており、いつまでそのような責任を負うのかが不明なままである
30 再生資材化した除去土壌の管理期限を明記すべき。また、管理終了時の措置（記録保存等）も明記すべき。,・ 復興再生利用に関わる措置の終了とともに、それに係わる情報の保存が終了してしまうのであれば、後に検証するための記録も資料もないことになり、これでは復興再生利用について責任を負う覚悟が問われます。
31 ガイドラインには法的拘束力がないため、実効性が担保されていない。省令上でより厳格な基準と監査体制を導入すべき。,・ ガイドラインには法的拘束力がない。違反した場合の措置も不明である。実効性が担保されていない。
31 ガイドラインには法的拘束力がないため、実効性が担保されていない。省令上でより厳格な基準と監査体制を導入すべき。,・ 再生資材化の手続きに関しては、施行規則改定でも触れていない。告示も提示されず、今までの実証実験での検討結果を踏襲し、法令上の根拠のないガイドラインを「基準」として行われることになる。法的根拠がないまま、自由に再生資材化できることにならないか危惧される。
31 ガイドラインには法的拘束力がないため、実効性が担保されていない。省令上でより厳格な基準と監査体制を導入すべき。,・ 「復興再生利用」に係る工事の施工及び維持管理について、省令改正案・告示案では、具体的な技術的要件について法的拘束力のある定めはほぼ白紙であり、「復興再生利用に係るガイドライン（案）」には、省令改正案や告示案からは到底読み取れないような種々の具体的留意事項や技術的要件の記載があるが、ガイドラインには法的拘束力がないことから、実際の運用がガイドラインの考え方に沿って行われることが担保されないし、本ガイドラインは本意見募集の対象文書となっていないことから、その内容について一般市民が意見表明することができない。
31 ガイドラインには法的拘束力がないため、実効性が担保されていない。省令上でより厳格な基準と監査体制を導入すべき。,・ 施工業者や管理者に対する監督が甘く、再生利用された土壌が予期しない危険をもたらすリスクが高いため、施工段階から維持管理までの全プロセスで、より厳格な基準と監査体制を導入すべき。
31 ガイドラインには法的拘束力がないため、実効性が担保されていない。省令上でより厳格な基準と監査体制を導入すべき。,・ ガイドライン案では、覆土について、内側の層 A については除染実施者が、外側の層 B については事業実施者や施設の管理者が責任主体となるとしている。同じ構造物の層ごとに責任主体を分けることは、現実的ではなく、実効性に欠ける。
32 再生資材化した除去土壌の管理責任を明確化すべき。,・ 除去土壌の⾧期管理の責任主体、方法、基準が非常にあいまいで無責任。管理・責任主体を省令に明記すべき。
32 再生資材化した除去土壌の管理責任を明確化すべき。,・ 環境省がこの度の除染土壌の復興再生利用のすべての管理と責任を負うのか。もしそうであればきちんと明示し、国民がその情報にアクセスし得る場所に掲示し、周知を徹底するべき。
32 再生資材化した除去土壌の管理責任を明確化すべき。,・ 省令案第58条の四第１項～第４項において、除去土壌の飛散・流出防止、表示、測定、記録、図面の作成、保管等について書いてありますが、主語がありません。管理・責任主体が誰なのかが不明です。ガイドライン案においては、「除染実施者が復興再生利用の責任を有している」（p.2-27）としていますが、これは環境省を指すのでしょうか。そうであればその旨を、明記し、省令にも記載すべきです。
33 「公共事業又は実施主体及び責任体制が明確であり、かつ、継続的かつ安定的に行われる事業」の具体的な要件の内容、当該要件となった経緯は。,・ 公共事業又は実施主体及び責任体制が明確であり、かつ、継続的かつ安定的に行われる事業」の「明確性」「安定性」が示すものが不明。放射性物質の管理責任が明確ではない。
33 「公共事業又は実施主体及び責任体制が明確であり、かつ、継続的かつ安定的に行われる事業」の具体的な要件の内容、当該要件となった経緯は。,・ 環境省が 2016 年以来、「利用先を管理主体や責任体制が明確となっている公共事業等」とすると説明してきたものが省令案では、「公共事業又は実施主体及び責任体制が明確」と変化している。この変更・変化は、いつ、なぜ、どの段階で起きたのか。誰に向かって、この変更を説明したのか。国民にはいつどのように説明したのか。この省令案のパブコメ欄での提示が説明だとでも言うのか。環境省への不審感を増強するだけなので撤回すべきである。
34 モニタリング期間を永続的にし、公開を義務化すべき。また、ホットスポットを見逃さないような測定方法を実施するとともに、測定データの信頼性確保に向けた措置を講じるべき。,・除去土壌の汚染状況データ公開とホットスポットの見逃しリスク除去土壌の放射能測定結果や管理状況（放射線モニタリング結果）の透明性が不十分です。全ての測定データを住民や専門家が広く確認できるよう、公開を義務化してください。また、放射線モニタリング期間が明確に規定されていません。永続的なモニタリングと測定機器の校正を義務付け、測定データを公開する体制を整備すべきです。
34 モニタリング期間を永続的にし、公開を義務化すべき。また、ホットスポットを見逃さないような測定方法を実施するとともに、測定データの信頼性確保に向けた措置を講じるべき。,・ 維持管理が始まったら七日に一度線量を測定するようにと書かれているが、測定したものをどこに提出して誰が異常がないか判断するのか。ただ測って測りっぱなしでは意味がない。
34 モニタリング期間を永続的にし、公開を義務化すべき。また、ホットスポットを見逃さないような測定方法を実施するとともに、測定データの信頼性確保に向けた措置を講じるべき。,・ モニタリング項目が空間線量しかなく、土壌や地下水の線量の定期モニタリングの実施が予定されていない。
34 モニタリング期間を永続的にし、公開を義務化すべき。また、ホットスポットを見逃さないような測定方法を実施するとともに、測定データの信頼性確保に向けた措置を講じるべき。,・ 地下水への汚染状況のモニタリングもマストにするべき。
34 モニタリング期間を永続的にし、公開を義務化すべき。また、ホットスポットを見逃さないような測定方法を実施するとともに、測定データの信頼性確保に向けた措置を講じるべき。,・ 除去土壌の表面だけではなく、中身も計測すべき。
34 モニタリング期間を永続的にし、公開を義務化すべき。また、ホットスポットを見逃さないような測定方法を実施するとともに、測定データの信頼性確保に向けた措置を講じるべき。,・ より信頼性のある詳細な測定方法とは、高濃度の側を低濃度の側に拡散させないことであるので、これの義務化するとともに、局所的なホットスポットのリスク把握を徹底すべき。
34 モニタリング期間を永続的にし、公開を義務化すべき。また、ホットスポットを見逃さないような測定方法を実施するとともに、測定データの信頼性確保に向けた措置を講じるべき。,・ ホットスポットの見逃しと測定データのインテグリティ除去土壌の試料を混合測定することにより、局所的な高濃度汚染が平均化され、結果として除去土壌の放射能濃度基準値を下回らせることが可能です。信頼性のある詳細な測定方法とデータインテグリティ体制を義務化するとともに、局所的なホットスポットのリスク把握を徹底すべきです。
34 モニタリング期間を永続的にし、公開を義務化すべき。また、ホットスポットを見逃さないような測定方法を実施するとともに、測定データの信頼性確保に向けた措置を講じるべき。,・ 除去土壌の汚染状況を調査する方法が不十分であり、汚染の実態が正確に把握されない可能性が高いと懸念している。放射性物質は時間が経過するとともにその影響が現れるため、調査方法をより詳細かつ⾧期的に実施すべき。汚染が新たに発見されることを防ぐためにも、定期的な調査と迅速な対応が求められる。
34 モニタリング期間を永続的にし、公開を義務化すべき。また、ホットスポットを見逃さないような測定方法を実施するとともに、測定データの信頼性確保に向けた措置を講じるべき。,・ 測定データの正確性と信頼性を担保するため、データの記録・保存のプロセスにおいて、第三者による監査、定期的なレビューやトレーサビリティの確保などの厳格な基準を設けるべき。
34 モニタリング期間を永続的にし、公開を義務化すべき。また、ホットスポットを見逃さないような測定方法を実施するとともに、測定データの信頼性確保に向けた措置を講じるべき。,・ 維持管理が始まったら線量を測定するが、測定したものをどこに提出して誰が異常がないか判断するか。測りっぱなしでは意味がないす。
34 モニタリング期間を永続的にし、公開を義務化すべき。また、ホットスポットを見逃さないような測定方法を実施するとともに、測定データの信頼性確保に向けた措置を講じるべき。,・ 再生利用の管理期間における測定頻度が明記されていない。
34 モニタリング期間を永続的にし、公開を義務化すべき。また、ホットスポットを見逃さないような測定方法を実施するとともに、測定データの信頼性確保に向けた措置を講じるべき。,・ モニタリングデータ（管理方法、更新頻度、測定地点、日付、データ値、測定方法等）や測定機器の校正の結果等を情報公開すべき。
34 モニタリング期間を永続的にし、公開を義務化すべき。また、ホットスポットを見逃さないような測定方法を実施するとともに、測定データの信頼性確保に向けた措置を講じるべき。,・ 定期的な汚染状況の調査による継続的なデータ収集とモニタリングを実施したうえで、その調査結果を速やかに公開し、住民や関係者が容易にアクセスできるようにすることで、より透明性を確保すべき。
34 モニタリング期間を永続的にし、公開を義務化すべき。また、ホットスポットを見逃さないような測定方法を実施するとともに、測定データの信頼性確保に向けた措置を講じるべき。,・ 埋め立て線量は常時モニタリングし、実測値を速報で多言語公開すべき。
34 モニタリング期間を永続的にし、公開を義務化すべき。また、ホットスポットを見逃さないような測定方法を実施するとともに、測定データの信頼性確保に向けた措置を講じるべき。,・ 測定データの解釈や政策決定に、公聴会などの専門家や市民の意見を反映させるための仕組みを提供すべき。
35 復興再生利用の実施前の情報公開や合意形成プロセスを法的に義務化するべき。目指すべき線量水準は利害関係者との協議によって決定される旨を制度に明記すべき。,・ 省令案には、除去土壌の再生利用をしようとする際の情報公開や地域住民への説明や公聴会、協議義務が書かれていないが、最低でも書き込むか、法改正をして早期段階における住民参加と情報公開義務について定めるべきだ。【理由】IAEA が環境省の取り組みは IAEA の安全基準に合致していると述べたのは、線量が利害関係者との協議によって決定されるとの認識に基づいているからである。
35 復興再生利用の実施前の情報公開や合意形成プロセスを法的に義務化するべき。目指すべき線量水準は利害関係者との協議によって決定される旨を制度に明記すべき。,・ IAEA 専門家会合最終報告書には、住民との協議の場を設けることが重視されているが、今回の省令案にはそれが反映されていない。
35 復興再生利用の実施前の情報公開や合意形成プロセスを法的に義務化するべき。目指すべき線量水準は利害関係者との協議によって決定される旨を制度に明記すべき。,・ 住民説明と合意形成の不足除去土壌が使用される地域の住民に対する説明（情報公開含む）が不十分であり、住民の同意を得ずに進められる点は重大な問題です。住民説明会の開催や合意形成プロセスを法的に義務化するべきです。
35 復興再生利用の実施前の情報公開や合意形成プロセスを法的に義務化するべき。目指すべき線量水準は利害関係者との協議によって決定される旨を制度に明記すべき。,・ 省令案 58 条の４第２号で、協議をする者として、イ、ロを挙げているが、住民の代表、住民団等を協議に加える必要がある。
35 復興再生利用の実施前の情報公開や合意形成プロセスを法的に義務化するべき。目指すべき線量水準は利害関係者との協議によって決定される旨を制度に明記すべき。,・ IAEA が環境省の取り組みは IAEA の安全基準に合致していると述べたのは、線量が利害関係者との協議によって決定されるとの認識に基づいているからである。
35 復興再生利用の実施前の情報公開や合意形成プロセスを法的に義務化するべき。目指すべき線量水準は利害関係者との協議によって決定される旨を制度に明記すべき。,・ 測定データの解釈や政策決定に、公聴会などの専門家や市民の意見を反映させるための仕組みを提供すべき。
35 復興再生利用の実施前の情報公開や合意形成プロセスを法的に義務化するべき。目指すべき線量水準は利害関係者との協議によって決定される旨を制度に明記すべき。,・ 省令案にもガイドライン案にも、「復興再生利用」実施の際の事前の情報公開や住民への説明についての記載がない。
35 復興再生利用の実施前の情報公開や合意形成プロセスを法的に義務化するべき。目指すべき線量水準は利害関係者との協議によって決定される旨を制度に明記すべき。,・ 仮に公共事業または実施主体や責任体制が明確な事業体が実施する場合、マスコミへの公表および住民説明会の実施を必ずガイドラインおよび関連法規内に義務付けるべき。
35 復興再生利用の実施前の情報公開や合意形成プロセスを法的に義務化するべき。目指すべき線量水準は利害関係者との協議によって決定される旨を制度に明記すべき。,・ 実証実験の予定をしていた二本松も小高区も住民の反対で取りやめになりました。事前の情報公開についての規定がないのは問題です。所沢でも新宿御苑でも反対運動が起きています。地域の人々の了解を得る必要があります。
36 復興再生利用事業に関して地下水や地盤の汚染防止措置を義務付けるべき。,・ 再利用と自然災害による環境汚染の懸念公共事業での除去土壌再利用により、地震や豪雨などの自然災害時や施工不備で放射性物質が環境中（地下水含む）に漏洩・拡散するリスクが高まります。再利用に際しては、密閉型容器の使用や地下水や地盤の汚染防止措置を義務付けるべきです。
36 復興再生利用事業に関して地下水や地盤の汚染防止措置を義務付けるべき。,・ 「命令などの案 ２．(1)公共の水域及び地下水の汚染を生じさせるおそれのない除去土壌の要件」は、復興再生利用についても定めるべき。環境省は 2022 年に新宿区や所沢市での実証事業を住民に説明する際、それら事業における保有水等集排水設備やそれに類する設備の設置を説明していたが、今回の省令改正案でその設置を省こうとしている。今後、⾧期にわたって再生利用に使用すれば、生物や生物由来の有機物によりセシウムの溶け出す量が増え、地下水汚染が劣悪になり得ることから、たった数年の実証事業における測定結果でこれらの設備を省くことは認められない。同規則の第五十八条の三および第五十八条の四に関する除去土壌の処分や再生利用の全てについて保有水等集排水設備を実証事業と同様に設置するよう省令改正案を再検討すべき。
37 個別に線量計測を行うほか、リスクの説明や被ばくした場合の措置など、作業者の保護についての内容も省令に盛り込むべき。,・ 省令案には作業者の保護についての記載がなく、安全が守られない。線量計を用いた線量管理をすべき。
37 個別に線量計測を行うほか、リスクの説明や被ばくした場合の措置など、作業者の保護についての内容も省令に盛り込むべき。,・ 作業者の防護措置については何も書いていない。作業者が放射線被ばくした数量のチェックさえ考えられていない。
37 個別に線量計測を行うほか、リスクの説明や被ばくした場合の措置など、作業者の保護についての内容も省令に盛り込むべき。,・ 本来であれば，施工従事者について個別に線量計測を行うべきであり，竣工後は，施工箇所の線量の測定とその結果の公表を継続的に行い，施工箇所に接近する者の安全を図るべきである。
37 個別に線量計測を行うほか、リスクの説明や被ばくした場合の措置など、作業者の保護についての内容も省令に盛り込むべき。,・ 工事現場における工事従事者への放射線防護措置を、この省令はまったく考慮していないから撤回すべきである。ガイドラインに書いても法的拘束力がない。
37 個別に線量計測を行うほか、リスクの説明や被ばくした場合の措置など、作業者の保護についての内容も省令に盛り込むべき。,・ それぞれの土木工事にはその工事に相応しい資材があり、除去土壌を使えば、相応しい資材にするためのプロセスが加わるため、コスト高になるが、省令案で、作業員のための放射線防護措置が義務規定として書かれていないため、コスト削減のために放射線防護措置が取られないであろうことは容易に想定されるから、撤回すべきである。ガイドラインに書いても法的拘束力がない。
37 個別に線量計測を行うほか、リスクの説明や被ばくした場合の措置など、作業者の保護についての内容も省令に盛り込むべき。,・ 「復興再生利用に係るガイドライン（案）」の「３．４．１（３）」では「除染実施者は作業者に対して、施工中の空間線量率の測定により作業環境における放射線量を把握することや、作業者の代表者が個人線量計を携帯することにより、作業者の追加被ばく線量を把握することが可能であることを説明することも考えられる。作業者に対する説明の結果を踏まえ、除染実施者は事業実施者と相談の上、必要に応じて対応を検討する。」としている。しかし作業環境における放射線量の把握や個人線量計の携帯といった放射線管理について、「作業者の意見を聞いた上で対応を検討する」など、事業における仕様決定→発注→契約→施工のプロセスからは、常識的に考えられないことである。
37 個別に線量計測を行うほか、リスクの説明や被ばくした場合の措置など、作業者の保護についての内容も省令に盛り込むべき。,・ 「公共事業等」を行う際、実際の作業を行う人たちが、低レベル放射性廃棄物相当の土を扱い、吸い込み等による被ばくリスクにさらされることになります。作業の人員を募集する際には、こうしたリスクについて、知らされるのでしょうか？そして、作業にあたりどのような放射線防護策を行うのかが分かりません。防護策を行わずに被曝した場合、作業員になんらかの労災が発生し得ます。その場合、責任の主体はどこにあるのでしょうか。
38 電離則の適用を義務づけるべき。,・ 8000Bq/kg 以下だから「電離則」の適用外としているが、「濃度が 1 万 Bq/kg を超え、かつ、数量が 1 万ベクレルを超えるものが『放射性物質』として定義」されるので、最大で 20 兆ベクレルにもなる復興再生利用事業は、当然「電離則」が適用されるべき。
38 電離則の適用を義務づけるべき。,・ 復興再生利用事業に就く労働者の健康被害を防止するために、電離放射線障害防止規則（以後、電離則）の適用、または準用を法改正かまたは省令改正で義務付けるべきである。【理由】セシウムが吸着した土壌を扱えば、その全工程（掘削、積載、荷下ろし、再生資材化、荷下ろし、搬入・仮置き、現場施工）で粉塵が発生するからである。省令案では「第 58 条の４ハ 除去土壌が飛散し、及び流出しないように、その表面を土砂で覆う等必要な措置を構ずること。」としているが、それだけでは不十分であり、不足の事態にも対応できないからである。
39 地域住民の放射線防護に向けて、防護策の周知、費用の補填や健康被害にあった際の補償の規定を盛り込むべき。,・ 埋立処分先・再生利用先の地域住民及びトラックの移動の経路にあたる地域住民への放射能防護のための周知・喚起並びに地域住民の放射能防護の対策のため支出する費用の国による補填に関する規定を設けるべき。
39 地域住民の放射線防護に向けて、防護策の周知、費用の補填や健康被害にあった際の補償の規定を盛り込むべき。,・ 万一健康被害があったときの補償なども検討すべきであるがその記載がない。
40 表示期間の⾧さとその内容は。,・ 表示期間はどの程度なのか。実施後に場所の特定が可能になるのか。
41 省令上の基本事項よりも詳細で明確な指針を策定すべき。,・ 施工や維持管理に関する基本事項が抽象的で、具体的な管理方法等の記載が欠如している。より詳細で明確な指針を策定すべき。
42 復興再生利用先の選定基準を定めるべき。,・ 処分区域の選定基準を明確化すべき。
42 復興再生利用先の選定基準を定めるべき。,・ ガイドライン案 p.3-2 においては、軟弱地盤のある場所や地滑り地など、飛散・流出のリスクが高い場所の例示が行われているが、そうしたリスクが高い場所を回避するのではなく、「十分な検討を行う」と記述されるにとどまっている。
43 復興再生利用の実施の際には、その旨、技術的な詳細、安全性や輸送に係る情報について公開すること。その際、科学者や専門家などによる分かりやすい説明を実施すること。,・ 全ての測定データをＷＥＢサイトに掲載すべき。
43 復興再生利用の実施の際には、その旨、技術的な詳細、安全性や輸送に係る情報について公開すること。その際、科学者や専門家などによる分かりやすい説明を実施すること。,・ 科学者や専門家による説明会を開催し、技術的な詳細や安全性についての理解を深める機会を提供すべき。
43 復興再生利用の実施の際には、その旨、技術的な詳細、安全性や輸送に係る情報について公開すること。その際、科学者や専門家などによる分かりやすい説明を実施すること。,・ 事業に係る計画の詳細、安全評価や潜在的なリスクなどについて、科学的な根拠に基づき、住民に対して情報公開を行い、住民が容易にアクセスできるようにすべき。
43 復興再生利用の実施の際には、その旨、技術的な詳細、安全性や輸送に係る情報について公開すること。その際、科学者や専門家などによる分かりやすい説明を実施すること。,・ 測定データを公開できる体制を整備すべき。
43 復興再生利用の実施の際には、その旨、技術的な詳細、安全性や輸送に係る情報について公開すること。その際、科学者や専門家などによる分かりやすい説明を実施すること。,・ 環境影響評価、処分地選定基準を公開すること。
43 復興再生利用の実施の際には、その旨、技術的な詳細、安全性や輸送に係る情報について公開すること。その際、科学者や専門家などによる分かりやすい説明を実施すること。,・ 科学的なリスク評価を強化し、その結果を透明に公開するべき。
43 復興再生利用の実施の際には、その旨、技術的な詳細、安全性や輸送に係る情報について公開すること。その際、科学者や専門家などによる分かりやすい説明を実施すること。,・ 輸送に関し、輸送や施工の各段階で発生しうるリスクを詳細に評価し、事故シナリオや緊急対応計画といった形で、その結果を公開すべき。運搬ルート、運搬方法、安全対策、事故時の対応計画等の情報を透明に公開し、地域住民や関係者が安心できる体制を構築すべき。
43 復興再生利用の実施の際には、その旨、技術的な詳細、安全性や輸送に係る情報について公開すること。その際、科学者や専門家などによる分かりやすい説明を実施すること。,・ 新宿御苑に既に除去土壌が運ばれていることについては、後日知るところとなった。後で知った方が、怒りが大きいという事を知った方がいい。
44 規制機能と実施機能を明確に分離すべき。認可プロセスを今後どう実現するかが不明確。,・ 国際原子力機関（IAEA）に指摘されたように、除去土壌の再生利用に関する事業者と規制者を分離すべきである。【理由】IAEA は環境省の取り組みは IAEA の安全基準に合致していると述べたが、それには、規制機能が事業実施機能から独立している助言を踏まえてのことだからである。
44 規制機能と実施機能を明確に分離すべき。認可プロセスを今後どう実現するかが不明確。,・ 同じ省庁内で規制と事業の推進の機能を持つことは、福島事故の教訓に反することである。
44 規制機能と実施機能を明確に分離すべき。認可プロセスを今後どう実現するかが不明確。,・ IAEA 専門家会合最終報告書要旨において「運用機能から独立した規制機能を持つことの重要性を強調した。環境省はこれを認識し、事業者機能と規制機能の独立性を維持し、実証できるようなアプローチを検討している」とされているが、これがどのように担保されるのか、明らかになっていない。
44 規制機能と実施機能を明確に分離すべき。認可プロセスを今後どう実現するかが不明確。,・ 発生した問題に対する迅速な対応と責任追及が可能な体制を整えるべき。
44 規制機能と実施機能を明確に分離すべき。認可プロセスを今後どう実現するかが不明確。,・ IAEA 専門家会合最終報告書要旨において「環境省は将来のプロジェクトのための認可プロセスを検討する予定である」とされているが、この点について省令改正案で実現されているとは読みとれないし、今後どのように実現するか、環境省から公にされていない。
45 除去土壌の処分に係る代行告示により地方自治体に除去土壌の受入れを押し付けることにならないか。また、代行体制では、責任の所在が曖昧になり、透明性が欠如する懸念がある。,・ 代行告示は、国が福島県等の代行をするという形式をとりつつ，その実態は，除去土壌の受入れを国が全国の地方公共団体に強制するものではないか。地方自治法第１条の趣旨にも反し，国の権利濫用と言わざるを得ない。
45 除去土壌の処分に係る代行告示により地方自治体に除去土壌の受入れを押し付けることにならないか。また、代行体制では、責任の所在が曖昧になり、透明性が欠如する懸念がある。,・ 代行告示について、代行体制では、除去土壌の処分に対する情報公開が不十分になったり、責任の所在が曖昧になることで万が一の事故が発生した際に迅速な対応ができない懸念がある。
45 除去土壌の処分に係る代行告示により地方自治体に除去土壌の受入れを押し付けることにならないか。また、代行体制では、責任の所在が曖昧になり、透明性が欠如する懸念がある。,・ 代行告示により、地方自治体の主体性が失われる可能性がある。
45 除去土壌の処分に係る代行告示により地方自治体に除去土壌の受入れを押し付けることにならないか。また、代行体制では、責任の所在が曖昧になり、透明性が欠如する懸念がある。,・ 除去土壌の処分に係る代行告示に関して、透明性が欠如しており、住民に対する情報提供が不十分だと思います。処分の過程やその後のリスク管理について、もっと詳細な情報を公表し、住民や地域社会の理解を得るための努力が必要です。告示に対する監視体制を強化し、処分が適切に行われていることを確認できるようにすべきです。処分が適切に行われていることを確認できるようにすべき。
46 代行告示は除去土壌の「処分」を行う区域を全国の区域としているところ、省令案 58 条の３の「埋立処分」が最終処分を意味するのであれば、JESCO 法の県外最終処分の責務を放棄していることにならないか。,・ 中間貯蔵・環境安全事業株式会社法は「中間貯蔵開始後３０年以内に福島県外で最終処分を完了するために必要な措置を講ずる」ことを国の責務としている。代行告示は除去土壌の「処分」を行う区域を全国の区域としている。改正省令案５８条の３にいう「埋立処分」が最終処分を意味するのであれば（これを曖昧にしていること自体、いかがなものか）、国の責務を放棄したということにならないのか。
46 代行告示は除去土壌の「処分」を行う区域を全国の区域としているところ、省令案 58 条の３の「埋立処分」が最終処分を意味するのであれば、JESCO 法の県外最終処分の責務を放棄していることにならないか。,・ 施行令第二条とは、国が福島県及び関係市町村に代わって除去土壌を処分するための規定を環境大臣が定めるという条項である。今回の告示で環境大臣は、除去土壌を令和７年 4 月 1日から全国で処分するという告示である。これでは福島県外で最終処分するという法的根拠を逸脱すると通常は考えるが、巧みに仕掛けられた上での告示であり、国民、福島県民を騙す告示と言わざるを得ない。
47 代行告示について、誰が除去土壌の処分を行うのかについて、合理的な説明も、整合性もないのは問題。また、その旨は告示でなく法律で定めるべき。,・ ２．(7)除去土壌の処分に係る代行告示について。国が福島県内の市町村に代わって除去土壌の処分を行う一方で、県外の除去土壌は市町村に行わせるのは、なぜか。誰が除去土壌の処分を行うのかについて、合理的な説明も、整合性もないのは問題である。
47 代行告示について、誰が除去土壌の処分を行うのかについて、合理的な説明も、整合性もないのは問題。また、その旨は告示でなく法律で定めるべき。,・ 誰が何をするという基本的な事項は法律に書くべきことであって「告示」で書くべきではない。誰が再生処分を行うのかは法律に書くべきことである。撤回して、法律改正を行うべきである。
48 「復興再生利用」について、「復興」という言葉を都合よく使った印象操作はやめるべき。,・ 復興という言葉を都合よく使って、多少の被ばくは我慢せよと言っているのか。印象操作はやめるべき。
48 「復興再生利用」について、「復興」という言葉を都合よく使った印象操作はやめるべき。,・ 「事故による災害からの復興に資することを目的として」とのことであるが、国民の健康保護の観点からは、たとえ「復興」のためであってもそれを理由に国民に追加被ばくを受忍させることがあってはならない。
48 「復興再生利用」について、「復興」という言葉を都合よく使った印象操作はやめるべき。,・ 「復興再生利用」の語句は、「汚染水」を「処理水」と呼ばせたように、国民を誤魔化す語句の使い方であると考える。
48 「復興再生利用」について、「復興」という言葉を都合よく使った印象操作はやめるべき。,・ 「復興再生利用」などという意味不明の造語を使うべきではない。
48 「復興再生利用」について、「復興」という言葉を都合よく使った印象操作はやめるべき。,・ 「復興再生利用」などという「再生利用」があたかも「復興」に資するかのような言葉が使われているが、実態を隠すことが目的のような、このような表現はするべきではない。
48 「復興再生利用」について、「復興」という言葉を都合よく使った印象操作はやめるべき。,・ 復興のために除染土壌を再利用することという意味に読め、まるで除染土壌が復興の役に立つものであるというような根拠不明のイメージを、読んだ者に植えつけている。今回の「再生利用」が本当に復興の役に立つかどうかは、公聴会等による公開の議論により、当事者を含めた国民が判断すべき。
48 「復興再生利用」について、「復興」という言葉を都合よく使った印象操作はやめるべき。,・ 「復興再生利用」の基準を定める規則を改正することはやめて、まず「復興」とは何か、何をどうするのが「復興」なのか、原発事故の被害者、周辺住民を中心に国民、市民の議論を始める。
49 法律で規定していない「復興再生利用」という用語を規則で創設すべきでない。,・ 放射性物質汚染対処特措法で規定していない「復興再生利用」という言葉をかってに規則で創設している。その言葉を規則の一条で追加定義していない。
49 法律で規定していない「復興再生利用」という用語を規則で創設すべきでない。,・ 復興再生利用の定義が冒頭に下記で述べられている。「（事故による災害からの復興に資することを目的として、再生資材化（除去土壌について、用途に応じた必要な処理をすることにより、盛土、埋立て又は充填の用に供する資材として利用することができる状態にする行為をいう。）した除去土壌を適切な管理の下で利用すること」大変重要な定義が二重( )で説明されるという異常。規則の定義の条項で定義すべきであるが、されていない。
50 「現存被ばく状況」の前提に立った規制は容認できない。,・ 線量限度について、福島原発事故による「現存被ばく状況」にはない地域も含め日本全国が「現存被ばく状況」であるとの前提に立っている。そのような状況にない地域の住民として、今回の省令案は容認できない。
50 「現存被ばく状況」の前提に立った規制は容認できない。,・ 原子力緊急事態宣言下の、基準が緩い状態での論議は許せない。基準を平時に戻して議論すべき。
50 「現存被ばく状況」の前提に立った規制は容認できない。,・ 原子力災害対策特別措置法での緊急事態宣言下では、国民の被ばく低減のための応急対応期間であり、この期間中に放射性物質を国土全体で利用すると言う再生利用は、原子力災害対策特別措置法の法律違反である。
51 放射線防護に係る３原則を取り入れた省令とすべき。,・ 国際放射線防護委員会の放射線防護3 原則を取り入れた省令とすべきだ。【理由１】現在の省令案は、原則１の正当化（放射線を使う行為は、もたらされる便益が放射線のリスクを上回る場合のみ認められる）は欠けている。【理由２】原則２の防護の最適化（個人の被ばく線量や人数を、経済的・社会的要因を考慮した上で、合理的に達成できる限り低く保つ）、すなわち、ステークホルダーとの協議が欠けているからである。
51 放射線防護に係る３原則を取り入れた省令とすべき。,・ IAEA は、放射線防護策に関して、放射線被ばくだけでなく、経済的要因なども考慮して利益と害を評価し、前者の方が大きくなければ、「正当化」されないとしているが、日本政府はこのような評価を行っていない。
51 放射線防護に係る３原則を取り入れた省令とすべき。,・ IAEA からも指摘されているとおり、除去土壌を持ち込まれた地域住民には、被ばくリスクばかりで正味の便益など存在しない。
51 放射線防護に係る３原則を取り入れた省令とすべき。,・ 福島の復興のためという理由で、除染で集めた放射性物質濃度が高い土壌を、福島以外の地域に移動させ、その結果、その他の地域の住民や作業者に放射線被ばくリスクを負わせるのは、放射線被ばくの正当化の原則にあたらない。その他の地域の住民にとって被ばくによるメリットは何ら発生しない。メリットは、除染土壌の県外最終処分という政治的約束が果たせるということのみである。
52 防護の最適化に向けた各取組は、効果と費用を考慮して最適に組み合わせる必要がある。,・ 汚染土壌を遮蔽材で覆い、外部被ばくを低減、再利用前に放射性物質濃度を除染により低減、環境中の放射性物質濃度を定期的に監視のこれらの対策は、効果と費用を考慮し、最適に組み合わせる必要があります。
53 復興再生利用事業１箇所ごとの Bq/kg の程度やその上限はどのくらいか。,"・ １キログラム当たり 8,000 ベクレルの土壌でも 1.25 キログラムあれば 10,000 ベクレル相当の放射能ではないか。一体一か所にどれくらいの放射性物質を埋め込もうとしているのか。一か所の上限量はどうなっているか。"
54 復興再生利用の対象物にスラグが入っているかが不明確。また、この生成物を生産する過程は復興再生利用に含まれるかも不明確。,・ 2025 年 2 月 7 日に実施された「中間貯蔵施設における除去土壌等の減容化技術等検討 WG（第 10 回）」の資料を見ると、除去土壌の処置の４シナリオが提示されている。その中で 8000ベクレル/kg 以下の処置物として操作されたものの中に、スラグ／焼成物があり、それらは再生利用等の中に含まれている。生成されたスラグも除去土壌として再生利用されるとも受け取れる。また、この生成物を生産する過程は、創設案 58 条四で述べる再生資材化によるものかも不明である。ＷＧは省令改定を前提に作業が進められていると推察できるが、そこで使用されている重要な操作概念、技術概念、及び生成物について、省令改定案では定義されずかつ使用されていないことは非常に不誠実であり、国民を混乱させる。
55 復興再生利用に係る自治体の準備が整っていない。,・ 除去土壌を持ち込まれた側の自治体の準備が整っていない。
56 埋立処分に関して、公共の水域や地下水への影響があるのではないか。,・ ⾧期的に公共の水域や地下水に影響を与えないという確証が不十分。
56 埋立処分に関して、公共の水域や地下水への影響があるのではないか。,・ 全ての土壌を対象に保有水等集排水設備を設置すべき。
56 埋立処分に関して、公共の水域や地下水への影響があるのではないか。,・ 「汚染を生じさせるおそれのないもの」の要件が不明瞭。「検出されないこと」がどの程度の濃度なのか具体的に示すべき。
56 埋立処分に関して、公共の水域や地下水への影響があるのではないか。,・ ガイドライン案では検出下限値の目標範囲を 10～20Bq/L としているが高すぎる。
56 埋立処分に関して、公共の水域や地下水への影響があるのではないか。,・ 「検出されないこと」との表現は「含まれない」と誤解される可能性がある。ガイドラインではなく告示別表に記載したらどうか。
56 埋立処分に関して、公共の水域や地下水への影響があるのではないか。,・ 日本産業規格 K0058-1 による試験で放射性物質が溶出されるかどうかが証明されていない。
56 埋立処分に関して、公共の水域や地下水への影響があるのではないか。,・ 「中間貯蔵除去土壌等の減容・再生利用技術開発戦略検討会（第 16 回）」では、試験手法は環境省告示 18 号に準拠している。生活環境への被害に対する防御としては 46 号が適しているにも拘わらず 18 号としているのは、地下水汚染のみを対象としており不十分である。施行規則改定案では環境省告示 18号ではなく、日本産業規格 K0058-1 での検液と規定し、この規格はスラグ等での検液作成のための試験手法であり、齟齬がある。
56 埋立処分に関して、公共の水域や地下水への影響があるのではないか。,・ 10 万ベクレル/キログラムを超える特定廃棄物は遮断型相当の最終処分場で処理することになっているのに対して、除去土壌の溶出試験基準で埋立処理すること事態が廃棄物処理基準とも矛盾している。
57 埋立処分に関して、地下水等以外へも影響があるのではないか。,・ 埋立処分に関してのリスクは、地下水汚染だけでなく、埋立土壌の飛散、崩壊等による地面空間上での汚染リスクもあるので、Cs-137 濃度の基準が必要。
57 埋立処分に関して、地下水等以外へも影響があるのではないか。,・ 実証実験は雑草が生えていない環境で行われており、植物が根を土中に広げた際に放射性物質を吸収して落葉などにより拡散するかどうか検証されていない。
57 埋立処分に関して、地下水等以外へも影響があるのではないか。,・ 埋立地となる場所は、農山村地域が想定され、里山生活に不可欠な動植物及びその生息環境に対する配慮をどうするのかが重要となるが、これについても触れられていない。動植物の生息環境の被ばくのリスクを高めることになる。地中環境も含めて。
58 埋立処分後の維持管理の内容と期間が不明瞭。,・ 処分後の⾧期にわたる定期的なモニタリング、住民参加の下で透明性のある情報提供が不可欠。
58 埋立処分後の維持管理の内容と期間が不明瞭。,・ 管理終了の要件を明確化すべき。
58 埋立処分後の維持管理の内容と期間が不明瞭。,・ 埋め立て処分の「管理終了の要件」は今後の検討課題となっているが、今後自治体が最終処分地として受け入れる際の判断基準の一つになると思う。自治体に受け入れの検討を依頼する前に、要件の提示が必要である。
58 埋立処分後の維持管理の内容と期間が不明瞭。,・ 「類する覆い」の定義を明確化し、⾧期的な安全性を確保すべき。
58 埋立処分後の維持管理の内容と期間が不明瞭。,・ 措置内容について専門家の評価を受け、結果を公表すべき。
59 埋立処分の覆土厚は 50cm 必要。,・ 除去土壌を覆う遮蔽物の機能劣化改正案では、除去土壌を覆う遮蔽物の基準が、「厚さ 50cm 以上の土壌覆い」だったものから「厚さ 30cm 以上の土壌または同等の材料による覆い」に変更されています。「厚さ 30cm 以上の土壌」への基準緩和もさることながら、土壌または「同等の材料」の具体的な要件が曖昧であり、耐久性等の観点から、十分な放射線遮蔽効果を確保できないリスクがあります。覆い材（土壌または同等の材料）の耐用年数や補修頻度を明記し、⾧期的な安全性を確保する仕組みを構築すべきです。
59 埋立処分の覆土厚は 50cm 必要。,・ 告示案「除去土壌の埋立処分を終了する場合の措置」に関し、地震の発生等による閉鎖部の損壊によって、必要な放射線の遮蔽の効力が失われる事態についての規定がなされておらず、放射線の遮蔽という点において不十分。
61 空間線量率の目標が必要。,・ 「放射線障害防止のために必要な放射線の遮蔽の効力」について具体的な定めがないが、空間線量率の達成目標の数値を告示の中で定めるべきである（年間 1 ミリシーベルト以下とすることが妥当と考えられる）
62 「除染土」「除去土壌」ではなく「（放射能）汚染土」と言うべき。,・ 「除染土」という表現は使うべきでなく、汚れがたまったまぎれもない「汚染土」だろう。
62 「除染土」「除去土壌」ではなく「（放射能）汚染土」と言うべき。,・ 「除去土壌」という表現では、いったいどのような土壌なのか不明ですが、その実態は「放射能汚染土」というべき土壌です。
63 福島以外は被ばく線量限度を年間 1mSv としているのに、福島だけ年間 20mSv としているのは明らかな差別。,・ そもそも 20110311 の発災当時 除染したのは住民への被曝予防のためではなかったか。政府は被曝限度を年 1mSv と決めていてそれは現在も維持している。ところが福島だけは 20倍の年 20msv を許容している。これは明らかな差別だ。福島の復興をいうのであれば本来の年 1msv でなければならない。これを正さずして福島の復興はあり得ないということを先ず指摘しておきたい。
64 中間貯蔵施設へ搬入する除去土壌等の放射能濃度の測定方法が杜撰。,・ 除去土壌等を中間貯蔵施設へ搬入する際の放射能濃度の確認について、フレコンバックの「表面線量率（μSv/h）と重量」を測定し、厚生労働省のガイドラインに記載されている「換算式」を用いて「除去土壌」の濃度を計算しているというが、非常に杜撰であり、作業者が生身で扱う除去土壌の濃度をそのような「おおよその計算」で算出して良いはずはない。
65 福島の道路の渋滞を招く。,・ また福島に10トントラックを大量に導入させ福島の道路を渋滞させるつもりか。
66 除去土壌は 2011 年当時 2879 万立方メートルになると発表されていたが、いつの間に 1400 万立方メートルに減少したのか。,・ 除染土は 2011 年当時 2879 万立方メートルになると発表されていたが、いつの間に 1400 万立方メートルに減少したのかどこか取止めたところがあったのか。除染の必要がある所については、全て除染すべきであり。手抜きと映る。また当初はコンクリートで覆うとしていたがいつの間に土で覆えばよいことになったのか。手抜きも甚だしい。
67 復興再生利用と埋立処分の違い等、除去土壌の処分の内容が不明確。,・ 再生資材化に関して、盛り土・埋立てとあるが、これは埋立という処分に再生資材の使用もあることを意味し、先の 58 条三項の埋立処分との相違も不明確。また、特定廃棄物の埋立処分基準に一部準拠していることからも、再生利用には埋立処分（最終処分）が含まれることになる。
67 復興再生利用と埋立処分の違い等、除去土壌の処分の内容が不明確。,・ 本省令案では処分と埋立処分、最終処分、復興再生利用の区別が明確ではなく、また県内外も区別がつかない。このような支離滅裂の省令案が通れば今後現場に混乱をきたすことは明らかであり、一旦白紙に戻すべきである。
67 復興再生利用と埋立処分の違い等、除去土壌の処分の内容が不明確。,・ 除染土壌に対する各種の措置行為を、特措法改正あるいは省令で明確に定義すべきである。特措法第２条の除染等の措置の定義はないまま、除染土壌に対して、分別・分級・溶融／焼成・固形化処理等の操作を行い検討し、ガイドラインを作成して省令改定を正当化しようとしている。
67 復興再生利用と埋立処分の違い等、除去土壌の処分の内容が不明確。,・ 一連の除染土壌に対する処置操作が省令改定案では記入されていない。除去土壌の処分に関する 58 条二～四において、条文のどこにも、分別・分級・溶融／焼成・固形化処理等の操作について説明がなく、結果として、大気汚染、水質汚染等に対して対策が書かれている。このような条文からは、一連のワーキンググループによる討議も見えない。非常に科学的技術的にも理解できない条文であり、国民一般が理解することを妨げているような条文作成操作がされている。
67 復興再生利用と埋立処分の違い等、除去土壌の処分の内容が不明確。,・ 58 条二の除去土壌の処分内容が不明確である。
68 頻繁な法令改正により現場に混乱が生じる恐れがある。,・ 頻繁な法令改正により、現場の混乱や対応の遅れが生じる恐れがある。他の手段を検討すべき。
69 法案がとても分かりにくい。,・ まず法案がとてもややこしくてわかりにくいです。
70 除去土壌については環境基本法や土壌汚染対策法等で対応すべき。,・ 除去土壌は汚染土壌であることから、放射性物質汚染対処特措法ではなく環境基本法・土壌汚染対策法で対応すべき。
70 除去土壌については環境基本法や土壌汚染対策法等で対応すべき。,・ 規則の改定ではなく、国民討議、国会審議で、公害対策基本法、環境基本法、放射性物質汚染対処特措法の改定、及び土壌汚染対策法の改正で対処すべき。
70 除去土壌については環境基本法や土壌汚染対策法等で対応すべき。,・ 原発事故後、環境基本法以下、大気汚染防止法、水質汚濁防止法などは放射性物質除外規定を外し、公害物質として扱うこととなった。しかし未だ土壌汚染対策法は放射性物質の除外規定を残している。まずはこれを改め放射性物質除外規定を外した上で、環境基本法および関連法とともに、環境基準、規制基準を定めるべきである。その上で、土壌汚染対策法の中で埋立手法や基準等を設定すべきである。汚染対処特措法施行規則の改定で対応することには法的にも無理がある。
72 環境への汚染の対処方法がよく分からず、不測の事態が起きる不安がある。,・ 除染土をなんとかしなくてはいけないということは、多くの人が賛同することで、私もその一人だが、提示されている「環境の汚染への対処」方法が正しいことなのかどうか、よく分からず、不測の事態が起きたり（予見されているのに「不測」とされることもあるが）、将来世代に起きる悪影響はないと言い切れるのか、さっぱり分からず不安です。
73 環境省の理解醸成活動は若い世代への一方的な刷り込みになっている。,・ 環境省が実施する「全国民的な理解醸成」活動は、地域住民ではない若い世代に限定され、一方的な放射能安全教育は何もわからない若者への刷り込みとなっている。
74 特定廃棄物の埋立処分に係る水質検査の方法の一部改正について、改正による検査の頻度や検査項目の減少による汚染の見落としを懸念。むしろ現行の検査を改善すべき。,・ 改正によって検査の頻度や項目が減少すれば、潜在的な汚染を見落とす可能性があるため、現在の検査方法を維持し、むしろ改善すべき。
74 特定廃棄物の埋立処分に係る水質検査の方法の一部改正について、改正による検査の頻度や検査項目の減少による汚染の見落としを懸念。むしろ現行の検査を改善すべき。,・ 改正案は、検査の頻度や検査項目が限定的であり、汚染が広範囲に広がるリスクを軽視しているため、より詳細で包括的な検査方法を導入すべき。
74 特定廃棄物の埋立処分に係る水質検査の方法の一部改正について、改正による検査の頻度や検査項目の減少による汚染の見落としを懸念。むしろ現行の検査を改善すべき。,・ 浸出水中の微量な放射性物質や二次生成物の検出も視野に入れた検査方法を採用すべき。
74 特定廃棄物の埋立処分に係る水質検査の方法の一部改正について、改正による検査の頻度や検査項目の減少による汚染の見落としを懸念。むしろ現行の検査を改善すべき。,・ 水質検査の方法に関する改正案は、放射性物質が埋立処分される場所におけるリスクを十分に評価していないと思います。特に、検査の頻度や検査項目が限定的であり、汚染が広範囲に広がるリスクを軽視していると感じます。より詳細で包括的な検査方法を導入し、事故発生後の検証が適切に行われるようにすべきです。
75 パブリックコメントの期間が短い。もっと周知をすべき。,・ パブコメ期間が短い。
75 パブリックコメントの期間が短い。もっと周知をすべき。,・ テレビで公表するなど、もっとパブコメの周知をすべき。
76 一度「民意が否定した」パブリックコメントをもう一度行うべきでない。,・ 一度「民意が否定した」パブコメをもう一度行うな
77 パブリックコメントの内容がわかりづらい。意見を提出しづらい。,・ 全体説明がなく、改正省令等を羅列しているのみ。縦書きの条文は横向きになっており一読するのに困難。
77 パブリックコメントの内容がわかりづらい。意見を提出しづらい。,・ 意見募集の対象は８件の省令案等であり、縦書きのものを横に公開しているので、首を横にするか、８件をプリントアウトしなければ読めない。関連資料も膨大で、「審議会資料」や「基準案のポイント」に至っては、審議会資料の中からそれを探し出さねばならない。これでは、読む気を失わせるか、怒りに打ち震えさせて、意見を出させないためにやっているとしか思えないからである。意見を募集する気があるなら、また、除去土壌の再生利用について国民の理解を醸成したいなら、一度、省令案を撤回して説明・公聴会をすべきである。
77 パブリックコメントの内容がわかりづらい。意見を提出しづらい。,・ 除去土壌の復興再生利用について、国民の間に理解の醸成をしたいと言いながら、今回のパブリックコメントのやり方は、その真逆。
77 パブリックコメントの内容がわかりづらい。意見を提出しづらい。,・ 何についてどこに記されているのかが不明。関連資料欄の「除去土壌の埋立処分及び再生利用等の基準案のポイント」「復興再生利用に係るガイドライン（案）について」は開催審議会等の全体がウエブ上で記されるのみで、自ら時間をかけてすべての資料を確認しないとわからない。
77 パブリックコメントの内容がわかりづらい。意見を提出しづらい。,・ 本パブコメのコーナーでは、関連資料として各種のWG の資料とリンクされている。そのリンク先での検討資料で使用されている重要な技術用語が省令改定案では使用されていない。非常に不誠実である。
77 パブリックコメントの内容がわかりづらい。意見を提出しづらい。,・ 第二十五条イの「同表の第二欄」とはどれのことか。今回のファイルには記載がない。不明なままの確認はできない。
77 パブリックコメントの内容がわかりづらい。意見を提出しづらい。,・ PDF から直接コピーができず、関連箇所をコピーアンドペーストで「引用」できるようにすべき。
77 パブリックコメントの内容がわかりづらい。意見を提出しづらい。,・ 重要事項は「復興再生利用ガイドライン」であるにも拘らず、ガイドラインは関連資料扱い。
77 パブリックコメントの内容がわかりづらい。意見を提出しづらい。,・ このパブコメは『命令などの案』で 8 本の文書、『関連資料、その他』で 4 本の文書が掲載され、これらの文書を開いて読むだけでも相当な労力を要する。簡潔な要点の提示をされ、その元文書の引用先を掲示するなどをされてはいかがか。
77 パブリックコメントの内容がわかりづらい。意見を提出しづらい。,・ 用語についても、新しいものがあり、それがどんなことをさすのか判然としない。
77 パブリックコメントの内容がわかりづらい。意見を提出しづらい。,・ パブリックコメントの資料の提示が非常にわかりにくい。真摯に市民の声を聞くつもりであれば、膨大な資料のリンクを貼るだけでなく、時間のない人にもポイントがよくわかる資料を作成して提示すべき。
77 パブリックコメントの内容がわかりづらい。意見を提出しづらい。,・ 関係する条文の正式名称が、文書ファイルに掲載されておらず、条文の項目も示されないままの文書となっており、パブコメ文書で市民の意見をきちんと聞く姿勢は見られず、適切なものとみなせません。
78 個人情報が任意である点を悪用し、多重投稿を呼びかける動きが見られており、パブリックコメントの制度の公平性や信頼性を著しく損なわれている可能性がある。,・ 個人情報が任意である点を悪用し、多重投稿を呼びかける動きが見られている。同一人物が多重投稿をしたことをスクリーンショットを示した上で自慢する投稿や、投稿数が増加する中で特定の番号を得た場合に景品をもらえるとして LINEグループ等で活用して煽動する動きも確認できる。このような状況で集まったパブコメは「多数が反対」という結果になる可能性が高いが、匿名での多重投稿が特定の集団によって煽動されたこともあわせて、国民への周知、報道機関への説明がなされるべきである。このような状況が放置されるならば、パブリックコメント制度の公平性や信頼性を著しく損なう可能性があり、民主主義を支える仕組みは破壊される。
78 個人情報が任意である点を悪用し、多重投稿を呼びかける動きが見られており、パブリックコメントの制度の公平性や信頼性を著しく損なわれている可能性がある。,・ 本パブリックコメントに寄せられた匿名意見などによる偽・誤情報を用いた反対の動き、いわゆる「風評加害」にいかに対峙していくかが課題と言える。ぜひ ALPS 処理水問題の対応などを経産省・外務省に確認し、知見を活かして頂きたい。
79 その他の御意見,・ 原発推進反対
79 その他の御意見,・ 運び込んだ土壌を中間貯蔵開始後 30 年以内（2045 年３月まで）に、福島県外で最終処分を完了するために必要な措置を講ずることとする法律自体が不合理なので見直すべき。
79 その他の御意見,・ 福島県に住んでいるが、中間貯蔵施設から県外に出すべきではない。汚染の少ない土地に放射能汚染された土壌を移動して汚染を広げてはならない。
79 その他の御意見,・ 環境省の説明する、30 年以内に福島県外で最終処分を完了するために必要な措置を講じる に 復興再成利用 は含むべきでない。
79 その他の御意見,・ 領海内に存在する無人島に埋め立てる方がまだましである。
79 その他の御意見,・ 何百年もかかる物質なら孤島の無人島にでも持って行って埋めるべきである。
79 その他の御意見,・ 除去土壌が資源であるというのなら他の国に買ってもらうのがよろしいのでは。
79 その他の御意見,・ 「平成二十三年三月十一日に発生した東北地方太平洋沖地震に伴う原子力発電所の事故により放出された放射性物質による環境の汚染への対処に関する特別措置法施行規則の一部を改正する省令案等」に対する意見募集に対するパブリックコメント文例集です。【9 文例】これらのコメントは、それぞれ独立して提出可能な形で構成されており、具体的な問題提起と改善案を盛り込んでいます。